"0","543333","2022-03-08 01:12:27"
"0","398536","2022-04-07 05:36:41"
"0","314985","2022-01-29 17:11:46"
"0","118759","2022-04-06 09:30:38"
"0","70254","2022-04-12 03:45:55"
"0","14922","2022-02-19 21:58:33"
"0","170293","2022-04-13 18:28:09"
"0","150052","2022-03-10 05:47:13"
"0","592694","2022-02-27 12:41:37"
"0","592694","2022-03-17 14:49:04"
"0","543333","2022-01-27 21:28:28"
"0","72518","2022-04-14 08:37:08"
"0","122637","2022-03-27 22:09:58"
"0","537301","2022-04-06 08:56:21"
"0","511037","2022-03-17 09:42:46"
"0","216181","2022-04-05 00:12:20"
"0","410365","2022-02-23 07:43:20"
"0","150052","2022-04-03 12:54:10"
"0","398536","2022-04-05 17:21:59"
"0","72518","2022-04-13 22:04:52"
"0","314985","2022-03-01 10:25:32"
"0","118759","2022-04-07 03:47:53"
"0","314985","2022-02-06 03:23:50"
"0","307966","2022-03-06 01:34:23"
"0","626776","2022-04-01 07:19:02"
"0","170293","2022-03-29 02:12:50"
"1","44471","2022-01-25 15:48:12"
"2","338796","2022-04-11 15:28:04"
"2","163678","2022-04-06 01:22:11"
"2","599279","2022-04-13 05:56:07"
"2","324756","2022-03-03 20:37:33"
"2","287838","2022-04-12 15:39:58"
"2","81079","2022-04-10 04:49:24"
"2","458383","2022-02-19 12:19:30"
"2","286740","2022-02-28 14:40:11"
"2","204349","2022-02-12 02:37:33"
"2","100425","2022-02-28 06:49:58"
"2","204349","2022-01-29 09:40:06"
"2","183503","2022-03-02 19:57:01"
"2","521430","2022-03-06 22:56:52"
"2","81079","2022-04-10 06:03:22"
"2","287838","2022-04-11 11:17:38"
"2","549441","2022-04-14 08:48:47"
"2","551375","2022-03-24 19:09:30"
"2","291749","2022-04-14 17:09:11"
"2","338796","2022-04-07 04:18:05"
"2","378310","2022-02-16 00:27:18"
"2","431151","2022-03-10 13:36:12"
"2","551375","2022-04-10 06:43:26"
"2","163678","2022-01-24 21:36:15"
"2","60247","2022-01-22 12:45:47"
"2","484647","2022-03-26 05:16:47"
"2","338796","2022-03-21 23:49:13"
"2","521430","2022-03-31 07:29:55"
"2","484647","2022-03-14 22:32:28"
"2","556283","2022-04-13 02:58:38"
"2","601431","2022-01-08 12:05:56"
"3","610431","2022-03-25 13:12:23"
"3","412126","2022-04-12 19:03:19"
"3","77563","2022-03-16 16:39:01"
"3","584058","2022-03-18 15:04:14"
"3","77563","2022-04-05 21:50:18"
"3","121534","2022-04-04 11:22:08"
"3","338032","2022-02-26 18:15:21"
"3","121534","2022-04-01 05:40:38"
"3","40835","2022-04-13 19:42:14"
"3","338032","2022-04-06 14:10:00"
"3","584058","2022-03-13 17:14:24"
"3","315278","2022-03-14 18:59:23"
"3","611286","2022-03-18 03:30:42"
"3","55581","2022-01-17 20:55:53"
"3","33768","2022-03-15 18:13:07"
"3","40835","2022-04-13 20:44:01"
"3","172791","2022-03-26 17:05:37"
"3","87339","2022-04-11 16:39:23"
"3","588919","2022-04-03 01:53:48"
"3","40835","2022-04-14 09:58:29"
"3","213064","2022-04-04 06:51:17"
"3","121534","2022-03-26 00:16:03"
"9","6997","2022-04-07 18:03:25"
"9","10203","2022-02-15 23:27:31"
"9","310252","2022-03-21 10:14:40"
"9","174104","2022-04-13 12:59:37"
"9","94252","2022-03-29 10:13:48"
"9","347407","2022-04-04 23:26:06"
"9","469832","2022-01-23 16:02:57"
"9","70501","2022-04-05 14:51:18"
"9","16790","2022-03-17 20:06:16"
"9","535355","2022-03-12 13:03:24"
"9","116534","2022-04-12 05:13:56"
"9","358068","2022-02-01 12:19:08"
"9","133396","2022-02-14 12:24:30"
"9","535355","2022-04-09 21:22:48"
"9","88075","2022-02-09 10:45:36"
"9","394305","2022-03-15 21:50:43"
"9","179448","2022-04-10 08:12:19"
"9","179448","2022-03-31 07:42:33"
"9","565667","2022-03-18 08:53:19"
"9","394305","2022-03-16 16:55:04"
"9","394305","2022-03-28 21:17:22"
"9","223726","2022-03-18 15:51:55"
"9","535355","2022-04-12 03:39:29"
"9","107311","2022-04-08 21:29:56"
"9","530582","2022-04-13 13:21:57"
"9","483530","2022-03-10 10:40:48"
"9","469832","2022-03-26 12:13:47"
"9","358068","2022-02-12 06:44:30"
"11","164730","2022-03-19 16:12:08"
"11","42673","2022-03-13 08:40:33"
"11","121325","2022-04-13 03:33:55"
"11","377605","2022-03-29 15:49:31"
"11","164730","2022-04-07 19:42:47"
"11","511295","2022-03-28 11:22:17"
"11","511295","2022-03-16 21:32:28"
"11","164730","2022-03-16 18:55:16"
"11","531038","2022-02-27 12:05:43"
"11","541329","2022-04-08 14:35:37"
"11","14525","2022-03-20 10:38:20"
"11","479563","2022-04-08 03:12:31"
"11","1701","2022-04-08 17:39:43"
"11","479563","2022-03-30 01:56:14"
"11","14525","2022-04-04 20:58:54"
"11","377605","2022-03-19 19:06:27"
"11","323989","2022-04-12 03:31:51"
"11","456201","2022-04-13 13:53:50"
"11","516647","2022-03-14 01:58:34"
"11","131688","2022-04-07 18:01:34"
"11","14525","2022-03-19 22:42:07"
"11","510879","2022-03-01 16:07:58"
"11","1701","2022-03-30 07:18:52"
"12","604788","2022-04-12 13:33:57"
"12","382338","2022-04-09 16:58:41"
"12","421311","2022-02-15 02:36:15"
"12","497346","2022-03-19 22:30:05"
"12","118301","2022-02-11 02:51:51"
"12","399363","2022-04-12 23:12:36"
"12","331369","2022-04-03 08:42:11"
"12","479059","2022-03-01 08:14:33"
"12","211005","2022-04-05 09:19:59"
"12","336624","2022-03-31 19:03:50"
"12","430095","2022-04-09 01:07:19"
"12","211005","2022-04-05 16:05:14"
"12","279353","2022-02-08 08:03:30"
"12","497346","2022-04-13 00:17:36"
"12","532143","2022-04-14 07:42:37"
"12","604788","2022-04-14 08:53:54"
"12","598422","2022-04-04 14:34:44"
"12","341452","2022-04-10 15:53:36"
"12","341452","2022-03-16 05:49:09"
"12","29309","2022-03-28 23:56:56"
"12","211005","2022-04-14 00:50:17"
"12","98095","2022-01-08 23:42:40"
"12","479059","2022-03-24 05:53:57"
"12","555573","2022-02-14 21:36:26"
"12","341452","2022-04-13 09:50:56"
"12","336624","2022-03-15 23:58:18"
"13","323632","2022-03-22 12:43:24"
"13","573128","2022-03-25 07:05:48"
"13","283252","2022-04-14 21:26:29"
"13","6973","2022-03-01 12:30:53"
"13","153798","2022-04-10 09:58:15"
"13","179012","2022-03-17 13:28:05"
"13","323632","2022-04-13 17:47:44"
"13","583796","2022-03-18 02:00:53"
"13","6973","2022-03-02 17:52:50"
"14","559357","2022-02-14 16:13:51"
"14","370701","2022-03-24 04:21:15"
"14","370701","2022-02-16 01:43:16"
"14","222016","2022-02-16 08:26:08"
"14","516271","2022-04-12 04:38:37"
"14","176989","2022-02-06 04:21:08"
"14","404114","2022-04-03 10:16:45"
"14","541160","2022-04-06 15:40:06"
"14","541160","2022-03-10 15:10:57"
"14","532082","2022-03-25 00:23:26"
"14","252324","2022-01-13 09:02:28"
"14","404114","2022-04-07 00:36:55"
"14","541160","2022-03-16 22:54:26"
"14","520196","2022-04-13 15:31:14"
"14","226296","2022-04-14 01:59:56"
"14","520196","2022-04-05 22:49:10"
"14","520196","2022-04-11 02:26:26"
"15","514806","2022-01-29 23:47:54"
"15","547164","2022-03-23 16:12:21"
"15","35771","2022-04-12 22:33:41"
"15","431234","2022-04-06 08:39:36"
"15","514806","2022-03-09 04:16:42"
"17","345393","2022-04-05 18:02:04"
"17","67743","2022-02-18 10:27:30"
"17","189667","2022-04-03 17:31:20"
"17","380535","2022-04-06 06:00:05"
"17","501650","2022-03-26 10:49:25"
"17","488020","2022-03-04 04:00:22"
"17","34401","2022-04-04 02:51:51"
"17","279901","2022-03-22 04:22:27"
"17","424617","2022-03-31 00:22:36"
"17","361040","2022-04-06 04:24:05"
"17","142120","2022-04-09 23:48:05"
"17","279901","2022-03-27 23:09:49"
"17","566946","2022-04-08 18:05:18"
"17","220668","2022-02-15 18:03:54"
"17","488020","2022-04-14 09:53:08"
"17","443965","2022-03-16 21:53:24"
"17","258269","2022-02-07 06:31:19"
"17","357285","2022-03-19 23:26:15"
"17","462011","2022-04-13 12:19:20"
"17","345393","2022-04-06 13:55:52"
"17","192721","2022-04-01 23:52:15"
"17","501650","2022-03-23 20:29:43"
"17","607768","2022-04-09 20:56:23"
"17","192721","2022-02-18 13:01:39"
"17","333813","2022-03-05 22:33:22"
"17","345393","2022-03-28 03:30:01"
"17","142120","2022-04-06 09:18:46"
"19","41931","2022-04-03 19:26:02"
"19","155670","2022-04-09 11:20:56"
"19","155670","2022-02-21 03:53:38"
"19","448254","2022-03-14 02:26:00"
"19","287138","2022-04-13 06:31:50"
"19","155670","2022-03-21 15:34:06"
"19","548373","2022-02-11 20:18:55"
"19","319159","2022-02-27 04:23:06"
"19","42410","2022-04-02 02:43:40"
"19","9317","2022-04-12 05:44:49"
"19","127092","2022-03-19 12:05:29"
"19","354350","2022-03-28 14:50:35"
"19","548373","2022-01-25 00:30:33"
"19","123109","2022-01-31 08:23:26"
"19","570036","2022-03-28 14:27:02"
"19","41931","2022-04-03 17:30:17"
"19","175851","2022-04-11 19:03:18"
"19","175851","2022-04-03 09:06:19"
"19","526534","2022-04-05 01:27:36"
"19","452133","2022-03-18 03:22:19"
"19","478067","2022-04-06 12:19:22"
"19","287138","2022-04-11 03:39:17"
"19","9317","2022-04-14 20:42:46"
"19","97800","2022-03-26 14:21:09"
"19","452133","2022-03-20 12:44:35"
"20","424976","2022-04-09 12:56:34"
"20","424976","2022-04-09 12:45:48"
"20","524817","2022-04-07 09:15:31"
"20","151531","2022-03-19 12:13:12"
"20","151531","2022-03-10 11:05:05"
"20","151531","2022-02-22 13:04:52"
"20","491539","2022-04-13 16:49:53"
"20","151531","2022-02-28 07:49:30"
"20","45315","2022-04-13 14:47:46"
"20","11641","2022-04-12 02:35:07"
"20","616373","2022-02-04 22:16:44"
"20","610368","2022-02-09 21:49:00"
"20","616373","2022-03-10 02:18:55"
"20","191351","2022-04-11 14:06:11"
"22","202041","2022-03-04 08:12:31"
"22","251091","2022-03-20 10:57:36"
"22","214571","2022-04-06 09:25:23"
"22","390654","2022-04-14 13:32:07"
"22","214571","2022-03-10 06:17:02"
"22","134439","2022-03-09 14:19:41"
"22","390654","2022-04-08 03:31:53"
"22","339960","2022-03-03 18:26:18"
"22","251091","2022-04-13 05:57:42"
"22","454034","2022-04-01 09:53:25"
"22","19430","2022-03-30 04:38:30"
"22","434461","2022-03-11 05:40:11"
"22","486258","2022-04-09 15:28:48"
"22","454034","2022-04-04 04:15:17"
"22","434461","2022-03-27 13:02:57"
"22","202041","2022-03-11 18:24:19"
"22","434461","2022-03-19 08:26:29"
"22","132566","2022-04-11 08:24:17"
"22","496910","2022-02-25 20:09:43"
"22","323561","2022-03-10 14:12:26"
"22","486258","2022-03-27 03:31:58"
"22","19316","2022-02-20 20:42:05"
"22","117927","2022-04-13 13:44:13"
"22","363938","2022-03-01 15:46:52"
"22","339960","2022-03-21 03:41:21"
"22","390654","2022-04-06 16:03:35"
"24","409899","2022-03-27 02:27:09"
"24","516466","2022-04-13 04:59:52"
"24","189243","2022-03-31 03:47:39"
"24","409899","2022-03-19 16:42:05"
"24","516466","2022-04-04 18:18:52"
"24","303309","2022-04-14 13:14:51"
"24","240179","2022-04-08 12:51:01"
"24","409899","2022-03-26 03:31:58"
"24","291450","2022-01-13 01:32:27"
"24","264184","2022-03-19 01:44:26"
"26","13110","2022-03-19 02:57:29"
"26","403236","2022-04-01 17:47:09"
"26","229678","2022-03-23 03:32:52"
"26","225487","2022-03-02 11:44:34"
"26","28229","2022-04-05 07:15:35"
"26","193609","2022-04-03 22:14:44"
"26","484625","2022-02-07 04:06:58"
"27","197552","2022-03-06 12:52:26"
"28","326432","2022-03-29 20:53:34"
"28","152186","2022-02-28 12:50:15"
"28","105751","2022-03-07 07:03:36"
"28","528962","2022-04-03 06:06:37"
"28","113473","2022-04-14 20:15:32"
"28","588892","2022-04-14 08:31:28"
"28","259987","2022-04-13 02:50:19"
"28","152186","2022-04-09 10:53:01"
"28","231937","2022-04-12 13:43:36"
"28","106523","2022-03-19 03:13:16"
"29","601868","2022-02-25 02:29:57"
"29","488946","2022-04-04 20:40:54"
"29","297672","2022-02-23 16:30:58"
"29","233128","2022-03-12 22:48:27"
"29","63299","2022-02-13 14:46:01"
"29","63299","2022-02-12 20:34:09"
"29","287350","2022-03-05 23:43:12"
"29","233128","2022-04-03 12:33:25"
"29","233128","2022-04-09 14:33:53"
"29","297672","2022-02-11 11:49:02"
"30","277453","2022-03-05 11:33:41"
"30","92191","2022-03-25 18:29:05"
"30","92191","2022-03-28 18:27:07"
"30","277453","2022-02-27 17:04:16"
"30","502093","2022-03-15 14:22:50"
"30","277453","2022-02-03 08:27:35"
"30","502093","2022-03-25 15:19:45"
"30","528791","2022-03-14 05:33:34"
"30","522192","2022-03-23 05:37:56"
"30","243630","2022-03-13 21:29:44"
"30","46034","2022-02-19 03:15:26"
"30","269750","2022-03-14 20:17:15"
"30","92191","2022-02-23 19:30:30"
"30","102465","2022-03-01 01:08:56"
"30","269750","2022-04-09 22:59:22"
"31","434813","2022-02-24 08:14:23"
"31","176997","2022-03-16 05:24:59"
"31","185551","2022-03-30 10:41:27"
"31","446774","2022-03-30 13:03:31"
"31","606504","2022-04-02 10:24:23"
"31","242881","2022-04-10 23:22:28"
"31","242881","2022-03-24 23:51:42"
"31","222143","2022-03-27 19:07:26"
"31","188975","2022-03-21 21:55:56"
"31","176997","2022-03-20 09:14:38"
"31","548050","2022-04-10 08:27:22"
"31","606504","2022-04-03 11:38:40"
"31","595528","2022-04-08 18:59:39"
"31","39874","2022-03-11 07:29:43"
"31","606504","2022-04-14 08:00:44"
"31","446774","2022-04-13 03:28:07"
"31","222143","2022-01-28 07:52:50"
"31","522423","2022-03-24 19:37:53"
"31","446774","2022-04-13 07:51:01"
"31","606504","2022-04-02 18:00:02"
"31","434813","2022-01-23 10:54:03"
"31","242881","2022-03-26 01:35:50"
"31","218817","2022-03-27 18:00:34"
"31","434813","2022-04-11 12:57:01"
"31","218817","2022-04-12 02:31:57"
"31","77428","2022-03-25 08:35:31"
"31","241745","2022-03-29 06:49:31"
"32","11","2022-02-15 23:24:33"
"32","464094","2022-02-28 12:58:50"
"32","355419","2022-02-27 03:13:05"
"32","19667","2022-02-24 11:16:50"
"32","371167","2022-03-21 00:30:11"
"32","412484","2022-03-02 11:37:17"
"32","365537","2022-03-28 22:30:36"
"32","623441","2022-02-25 01:15:34"
"32","300173","2022-02-18 14:58:28"
"32","122174","2022-04-05 16:20:43"
"32","412484","2022-03-16 09:49:34"
"32","349596","2022-03-15 21:58:45"
"32","164882","2022-01-15 09:31:44"
"32","450735","2022-03-30 01:44:06"
"32","349596","2022-02-05 18:28:23"
"32","554229","2022-03-19 22:50:14"
"34","96152","2022-03-30 19:58:29"
"34","135275","2022-03-25 21:16:18"
"34","106780","2022-04-08 11:17:56"
"34","151539","2022-04-07 02:15:19"
"34","403107","2022-03-20 16:51:40"
"34","308654","2022-04-08 00:18:37"
"34","479173","2022-04-04 03:26:59"
"34","407112","2022-04-08 06:51:38"
"36","612645","2022-02-02 11:28:11"
"36","125858","2022-03-18 19:38:50"
"36","526647","2022-03-23 07:04:10"
"36","521278","2022-03-08 05:25:12"
"36","263463","2022-04-13 01:00:42"
"36","190994","2022-02-12 09:03:07"
"36","526647","2022-04-03 09:42:31"
"36","138706","2022-03-27 15:33:16"
"37","340809","2022-03-30 13:44:18"
"37","544603","2022-03-22 06:47:34"
"37","45075","2022-02-27 18:46:45"
"37","329780","2022-03-21 15:40:31"
"37","521505","2022-03-23 09:16:33"
"37","378949","2022-04-13 17:56:15"
"37","30238","2022-04-08 20:56:24"
"37","151670","2022-02-25 13:13:40"
"37","590722","2022-03-22 14:38:58"
"37","86585","2022-04-13 05:04:15"
"37","329780","2022-02-27 08:37:54"
"37","192551","2022-01-16 03:27:33"
"37","176820","2022-04-12 22:36:07"
"38","42596","2022-04-11 16:09:00"
"38","8702","2022-03-31 02:57:14"
"38","160283","2022-04-04 10:42:26"
"38","350160","2022-04-11 08:16:04"
"38","160283","2022-03-10 20:31:56"
"39","69136","2022-03-05 15:19:07"
"39","5669","2022-03-24 16:55:40"
"39","193230","2022-03-27 04:59:29"
"39","310842","2022-03-08 22:27:29"
"39","193230","2022-04-03 02:02:27"
"46","601748","2022-04-14 08:05:49"
"46","378335","2022-02-27 08:22:08"
"46","620720","2022-02-20 02:28:22"
"46","95779","2022-04-13 03:54:51"
"46","415598","2022-04-10 08:57:41"
"46","626882","2022-03-08 10:41:47"
"46","212065","2022-02-11 19:07:33"
"46","212065","2022-03-29 12:24:17"
"46","457285","2022-03-22 19:27:47"
"46","408313","2022-03-27 12:00:09"
"46","151149","2022-04-13 12:52:21"
"46","95779","2022-03-26 11:13:24"
"46","299445","2022-03-11 07:29:28"
"46","457285","2022-04-01 18:32:40"
"47","18763","2022-02-16 17:28:50"
"47","152528","2022-04-14 08:10:17"
"47","18763","2022-03-27 09:23:26"
"47","46920","2022-02-27 16:44:10"
"47","575187","2022-04-14 03:04:23"
"47","402611","2022-04-07 19:38:40"
"47","369050","2022-03-15 21:10:30"
"47","18763","2022-03-23 21:18:56"
"49","55519","2022-04-09 04:56:57"
"49","456027","2022-03-14 14:10:29"
"49","446164","2022-01-19 20:28:22"
"49","233178","2022-04-13 14:36:26"
"49","77982","2022-04-04 21:58:12"
"49","70283","2022-02-16 01:31:45"
"49","77982","2022-04-12 16:01:25"
"49","452335","2022-03-27 15:03:38"
"49","584544","2022-02-18 20:18:01"
"49","286046","2022-02-20 07:25:02"
"49","482786","2022-04-07 01:17:30"
"49","401209","2022-04-10 04:21:02"
"50","458020","2022-02-21 12:52:35"
"50","497637","2022-02-27 20:07:29"
"50","82110","2022-04-14 15:57:49"
"50","107422","2022-03-20 21:34:30"
"50","423790","2022-04-14 12:40:13"
"50","110556","2022-03-22 06:16:58"
"50","82110","2022-04-11 20:14:14"
"50","423790","2022-03-16 06:28:44"
"50","247533","2022-02-09 19:15:55"
"50","126910","2022-04-14 21:08:14"
"50","385599","2022-02-16 02:43:01"
"50","126910","2022-04-14 20:22:55"
"50","110556","2022-04-08 09:59:06"
"50","82110","2022-04-14 11:24:48"
"50","458020","2022-03-21 20:55:53"
"50","385599","2022-02-17 20:01:23"
"50","58527","2022-04-02 16:58:31"
"50","306040","2022-04-08 21:00:15"
"50","126910","2022-04-14 21:01:21"
"50","385599","2022-03-13 16:45:12"
"50","497637","2022-03-20 04:56:31"
"51","330053","2022-04-06 07:20:15"
"51","37729","2022-04-04 16:36:43"
"51","626206","2022-04-08 23:27:44"
"51","233412","2022-04-11 10:17:39"
"51","52968","2022-04-10 14:15:43"
"51","527773","2022-03-15 21:29:44"
"51","52968","2022-04-12 15:20:56"
"51","50443","2022-02-10 10:43:34"
"52","566964","2022-03-27 00:59:54"
"52","9445","2022-01-21 09:00:50"
"53","413209","2022-03-20 12:07:28"
"53","563275","2022-03-24 00:39:34"
"53","584587","2022-04-03 10:18:15"
"53","333586","2022-01-25 23:20:34"
"53","488975","2022-04-07 17:35:25"
"53","339249","2022-04-13 01:15:45"
"53","379611","2022-04-13 07:56:12"
"53","423519","2022-02-26 00:27:07"
"53","435472","2022-03-04 19:18:55"
"53","435472","2022-03-29 14:13:25"
"53","240684","2022-03-11 01:49:49"
"53","153630","2022-04-08 22:05:11"
"54","376135","2022-04-03 10:27:09"
"54","298485","2022-04-05 03:53:32"
"54","298485","2022-04-07 16:38:28"
"54","39543","2022-02-07 15:43:55"
"54","227318","2022-03-26 15:30:11"
"54","243125","2022-04-06 05:17:21"
"54","62573","2022-03-27 16:36:41"
"54","418738","2022-04-12 17:35:11"
"54","562636","2022-03-17 20:07:16"
"54","422460","2022-04-02 12:16:11"
"54","89367","2022-03-14 12:22:11"
"54","562636","2022-02-25 19:55:07"
"54","152107","2022-03-14 00:38:16"
"54","339050","2022-03-28 04:53:43"
"54","345558","2022-03-30 03:15:41"
"54","477490","2022-04-10 00:48:47"
"54","376135","2022-01-23 13:47:14"
"54","345558","2022-03-07 05:20:41"
"54","227318","2022-01-16 04:00:40"
"54","117862","2022-04-14 07:20:21"
"55","312228","2022-03-25 21:23:33"
"55","196889","2022-03-13 03:03:34"
"55","338369","2022-04-01 04:03:41"
"55","61135","2022-02-26 10:22:49"
"55","352331","2022-02-26 22:10:18"
"55","475482","2022-04-01 07:49:16"
"55","591980","2022-03-30 23:25:06"
"55","352331","2022-02-14 17:08:01"
"55","577375","2022-03-30 18:15:25"
"55","333305","2022-02-28 22:40:03"
"55","61135","2022-03-25 14:12:34"
"55","411816","2022-01-10 10:58:24"
"55","352331","2022-04-04 04:28:49"
"55","25622","2022-02-28 05:10:32"
"55","577375","2022-03-26 13:20:02"
"55","312228","2022-03-18 06:34:52"
"55","196889","2022-03-15 21:03:04"
"55","506884","2022-03-21 14:05:02"
"55","115697","2022-02-17 15:24:16"
"55","571087","2022-02-28 04:11:51"
"56","614693","2022-04-10 22:43:58"
"56","509975","2022-02-13 14:54:13"
"56","548932","2022-04-10 17:12:17"
"56","531914","2022-04-08 21:03:16"
"56","621238","2022-04-05 03:44:28"
"56","322370","2022-03-14 06:43:16"
"56","494962","2022-03-29 10:34:29"
"56","448139","2022-02-04 01:21:53"
"56","182037","2022-03-21 17:01:37"
"56","26274","2022-03-21 19:23:41"
"56","56772","2022-03-30 06:43:27"
"56","356803","2022-04-03 13:47:08"
"56","356803","2022-04-07 09:52:38"
"56","475489","2022-03-29 23:57:09"
"56","179596","2022-04-09 02:46:16"
"56","347765","2022-04-12 11:06:48"
"56","475489","2022-04-05 19:53:36"
"56","540970","2022-04-12 19:20:21"
"56","56852","2022-03-29 01:44:43"
"56","531914","2022-02-22 21:22:14"
"56","475489","2022-04-09 09:58:59"
"56","26274","2022-04-03 10:34:16"
"56","531914","2022-02-20 05:30:09"
"56","475489","2022-03-30 00:30:54"
"56","531914","2022-03-05 21:18:20"
"56","56772","2022-03-05 12:19:16"
"56","328028","2022-04-08 09:37:30"
"56","621238","2022-02-26 21:00:19"
"56","308965","2022-04-14 08:18:12"
"56","621238","2022-03-05 20:06:11"
"56","616665","2022-02-18 00:13:18"
"56","475489","2022-04-02 01:44:14"
"57","170233","2022-01-31 13:13:55"
"57","484375","2022-03-10 20:00:37"
"57","332844","2022-03-22 09:24:32"
"57","363309","2022-03-29 16:51:15"
"57","363309","2022-04-06 21:39:20"
"57","262499","2022-03-18 03:38:22"
"57","170233","2022-01-28 03:17:17"
"57","61522","2022-03-19 08:33:08"
"57","530132","2022-03-16 11:18:51"
"57","289915","2022-03-14 09:58:43"
"57","305013","2022-03-30 16:23:39"
"57","332844","2022-01-23 03:37:26"
"57","530132","2022-04-05 04:16:24"
"57","18136","2022-02-06 10:41:13"
"57","530132","2022-03-24 09:03:36"
"57","225996","2022-04-14 11:59:26"
"57","182464","2022-03-08 12:25:37"
"57","514608","2022-03-21 02:59:36"
"58","247682","2022-03-04 16:14:04"
"58","393547","2022-03-21 22:28:12"
"58","88558","2022-04-05 04:09:51"
"58","591647","2022-01-17 19:23:14"
"58","339971","2022-01-29 01:06:17"
"58","88558","2022-04-04 00:18:35"
"58","88558","2022-04-11 17:43:38"
"58","430862","2022-04-12 11:27:14"
"58","313337","2022-02-27 09:21:26"
"58","319657","2022-04-08 08:19:55"
"59","608821","2022-02-12 21:18:57"
"59","383133","2022-04-03 10:28:54"
"59","99096","2022-03-17 03:03:36"
"59","577104","2022-04-14 09:04:09"
"59","381473","2022-04-12 09:20:51"
"59","573547","2022-03-31 12:46:53"
"59","577104","2022-04-13 16:57:19"
"59","304146","2022-02-22 16:36:22"
"59","402746","2022-03-31 05:33:57"
"59","362980","2022-04-13 13:46:04"
"59","299613","2022-04-05 22:50:27"
"59","595572","2022-03-16 07:55:41"
"59","88518","2022-03-08 17:20:43"
"59","146226","2022-04-02 13:31:16"
"59","291145","2022-03-30 18:11:10"
"59","93991","2022-03-22 13:44:30"
"59","46918","2022-03-28 22:37:46"
"59","79428","2022-04-06 19:58:30"
"59","21771","2022-02-25 19:54:05"
"59","297579","2022-01-15 12:47:31"
"59","577104","2022-04-14 20:01:06"
"59","21771","2022-03-01 00:21:50"
"59","383133","2022-03-25 11:23:35"
"59","125489","2022-03-28 20:52:57"
"59","402746","2022-03-29 15:58:45"
"59","383133","2022-04-09 18:30:30"
"60","288491","2022-02-23 20:52:53"
"60","378156","2022-04-09 22:52:45"
"60","32356","2022-04-07 04:42:24"
"60","130930","2022-03-26 19:26:27"
"60","467939","2022-03-29 10:19:05"
"60","470155","2022-04-13 16:40:40"
"60","233207","2022-03-03 04:05:40"
"60","317668","2022-03-18 12:07:26"
"60","32356","2022-04-04 21:15:23"
"60","279151","2022-01-30 16:53:54"
"60","164243","2022-04-07 10:08:24"
"60","386068","2022-03-23 17:23:18"
"60","546067","2022-04-11 06:52:14"
"60","188472","2022-04-06 11:51:16"
"60","233207","2022-04-12 06:04:23"
"60","22056","2022-04-03 05:23:43"
"60","564800","2022-03-29 18:00:48"
"60","423082","2022-04-08 21:44:42"
"60","117958","2022-04-12 15:56:48"
"60","429189","2022-03-22 13:30:46"
"60","117958","2022-04-12 22:34:21"
"60","197720","2022-04-07 18:27:05"
"60","209070","2022-02-15 11:25:28"
"60","316198","2022-04-03 14:46:29"
"60","423082","2022-04-09 11:16:05"
"60","117958","2022-04-12 15:17:27"
"60","414554","2022-03-10 06:02:36"
"63","336413","2022-03-16 02:57:06"
"65","166398","2022-01-24 20:17:11"
"65","376327","2022-03-13 15:36:19"
"65","439040","2022-01-24 13:47:55"
"65","463448","2022-04-11 23:46:47"
"65","365940","2022-03-15 13:22:09"
"65","480768","2022-04-12 09:24:19"
"65","386537","2022-04-11 15:57:25"
"65","575010","2022-04-12 05:26:36"
"65","378380","2022-03-31 00:19:35"
"65","287606","2022-03-29 23:02:27"
"65","556402","2022-03-08 21:57:13"
"65","386537","2022-03-25 12:36:18"
"65","218188","2022-01-28 04:54:06"
"65","256964","2022-04-03 00:18:18"
"65","485260","2022-04-11 07:29:30"
"65","324672","2022-04-07 14:03:11"
"65","439040","2022-03-03 02:45:25"
"65","255621","2022-04-13 09:19:01"
"65","430814","2022-04-09 12:30:21"
"65","463448","2022-03-27 11:00:13"
"65","166398","2022-02-03 16:32:16"
"65","256964","2022-03-28 08:38:24"
"65","386537","2022-03-19 11:51:17"
"66","208439","2022-04-04 15:48:49"
"66","500619","2022-02-10 11:44:17"
"66","134047","2022-04-11 22:51:17"
"66","468922","2022-04-14 15:34:22"
"69","250095","2022-03-23 00:07:07"
"69","49830","2022-03-27 14:49:42"
"69","485286","2022-03-27 14:42:25"
"69","546451","2022-03-10 23:04:57"
"69","418030","2022-03-15 00:06:46"
"69","538705","2022-03-19 15:26:11"
"69","582902","2022-02-08 20:20:04"
"69","49830","2022-03-25 12:51:16"
"69","114437","2022-02-27 22:32:56"
"70","617682","2022-03-06 17:30:00"
"70","298489","2022-04-07 22:03:47"
"70","106601","2022-04-08 19:52:45"
"70","130307","2022-04-12 04:03:49"
"70","578916","2022-01-27 14:09:51"
"70","517769","2022-02-26 03:26:41"
"70","209199","2022-04-01 08:08:11"
"70","154511","2022-04-05 21:15:32"
"70","102179","2022-03-19 21:47:58"
"70","133039","2022-04-03 06:22:03"
"70","469868","2022-02-25 23:11:12"
"70","475287","2022-03-31 19:34:27"
"70","60671","2022-04-02 19:13:38"
"70","60671","2022-03-17 19:35:26"
"70","156056","2022-02-16 03:00:38"
"70","264628","2022-03-06 04:52:22"
"70","130307","2022-03-29 00:25:54"
"70","156056","2022-03-31 21:01:54"
"70","133039","2022-03-23 22:41:10"
"70","560389","2022-02-20 21:38:27"
"70","106601","2022-03-20 10:59:26"
"70","133039","2022-04-07 13:38:00"
"70","60671","2022-04-07 08:05:01"
"70","154511","2022-03-20 03:43:58"
"72","354348","2022-04-09 11:42:10"
"72","126284","2022-03-14 13:08:32"
"72","261287","2022-04-12 15:03:12"
"72","505483","2022-04-10 20:00:09"
"72","20842","2022-03-31 14:53:46"
"72","261287","2022-04-07 18:16:45"
"72","49056","2022-04-13 23:25:41"
"72","296066","2022-02-18 23:09:00"
"72","449554","2022-04-11 19:51:39"
"72","566744","2022-04-04 14:24:09"
"72","20842","2022-04-12 04:55:26"
"72","549933","2022-03-03 17:48:14"
"72","307873","2022-03-16 03:36:31"
"72","554230","2022-04-14 14:34:02"
"72","398593","2022-04-03 10:02:49"
"72","81062","2022-04-14 16:54:58"
"72","261287","2022-03-28 14:54:53"
"72","551938","2022-04-14 13:08:13"
"72","360043","2022-02-18 01:29:04"
"72","87768","2022-03-23 01:39:14"
"72","370005","2022-04-13 07:19:35"
"72","538535","2022-04-08 14:35:23"
"72","81062","2022-04-07 23:27:29"
"72","175467","2022-04-05 17:06:32"
"72","549933","2022-04-01 05:48:19"
"72","129786","2022-04-13 22:40:22"
"72","261287","2022-04-01 02:26:21"
"72","548010","2022-02-23 05:35:39"
"72","369384","2022-04-05 01:01:50"
"72","373726","2022-04-10 11:31:53"
"72","566744","2022-03-03 15:11:38"
"72","592651","2022-03-28 14:06:58"
"72","81062","2022-04-08 16:13:11"
"72","47344","2022-04-09 15:05:19"
"72","307873","2022-02-19 01:53:12"
"72","126284","2022-04-08 18:38:52"
"72","175467","2022-03-31 06:32:35"
"72","428781","2022-02-09 16:52:24"
"72","369384","2022-04-14 19:50:31"
"73","330205","2022-03-15 08:29:12"
"73","239846","2022-04-14 10:04:19"
"73","351944","2022-02-04 01:41:30"
"73","706","2022-03-26 13:24:04"
"73","540152","2022-03-16 15:51:17"
"73","330205","2022-04-01 12:27:38"
"73","57734","2022-03-19 05:53:58"
"73","239846","2022-03-13 23:28:29"
"74","587791","2022-02-03 07:37:47"
"74","309786","2022-04-02 19:40:52"
"75","193473","2022-03-06 18:27:13"
"75","74143","2022-04-03 13:31:28"
"75","258661","2022-03-06 17:43:23"
"75","222584","2022-02-16 22:20:51"
"75","193473","2022-03-08 04:39:19"
"75","184621","2022-02-12 01:46:07"
"75","193473","2022-03-31 15:15:34"
"75","51891","2022-03-30 22:45:58"
"75","258661","2022-03-23 16:36:40"
"75","193473","2022-03-21 04:29:49"
"75","352216","2022-04-10 13:36:52"
"75","74143","2022-03-29 05:33:23"
"75","469247","2022-03-27 00:45:24"
"75","136510","2022-04-02 19:12:36"
"77","184888","2022-04-11 16:24:36"
"77","598926","2022-04-13 15:06:17"
"77","424503","2022-02-11 19:14:43"
"77","462283","2022-02-17 04:49:30"
"77","552076","2022-01-15 18:54:57"
"77","172805","2022-04-02 12:04:54"
"77","367157","2022-04-14 05:31:09"
"77","183105","2022-04-03 11:07:27"
"77","184888","2022-04-10 17:39:21"
"77","555726","2022-03-25 10:31:57"
"77","347867","2022-04-14 04:34:29"
"77","217755","2022-03-02 23:08:50"
"77","555726","2022-04-13 07:19:59"
"77","92262","2022-02-28 22:05:55"
"77","345447","2022-02-25 08:55:29"
"77","409749","2022-04-09 04:07:46"
"77","324117","2022-02-05 00:48:29"
"77","27861","2022-04-06 21:32:13"
"77","319094","2022-03-08 06:47:59"
"77","217755","2022-02-07 04:06:17"
"77","319094","2022-04-06 23:15:16"
"77","489808","2022-04-14 03:18:06"
"77","367157","2022-04-14 12:55:54"
"77","626886","2022-03-18 14:32:48"
"78","606277","2022-03-01 02:01:10"
"78","118055","2022-04-05 14:56:04"
"78","363206","2022-03-29 20:56:49"
"78","533177","2022-03-19 22:19:20"
"78","467196","2022-03-20 12:03:44"
"78","467196","2022-03-06 07:35:51"
"79","394997","2022-01-10 19:56:56"
"79","461344","2022-03-30 22:32:31"
"79","51074","2022-03-18 15:54:22"
"79","350600","2022-03-26 03:45:32"
"79","251915","2022-03-25 23:21:40"
"79","251915","2022-03-08 11:36:42"
"79","555798","2022-03-26 02:15:31"
"79","569458","2022-04-13 09:37:33"
"79","57996","2022-03-20 20:10:30"
"79","270511","2022-03-08 01:54:01"
"79","373858","2022-04-10 14:48:37"
"79","411644","2022-04-05 01:24:36"
"79","555798","2022-03-05 09:47:17"
"79","404500","2022-03-06 08:45:28"
"79","476547","2022-04-09 09:42:51"
"79","373858","2022-04-06 10:39:06"
"79","497751","2022-03-16 11:37:04"
"79","26212","2022-03-11 14:11:12"
"79","26212","2022-03-03 04:15:40"
"79","404500","2022-04-02 15:56:24"
"79","465630","2022-04-05 13:17:53"
"79","469479","2022-03-25 08:06:59"
"79","476547","2022-04-11 07:25:33"
"79","207362","2022-03-25 08:52:06"
"79","67877","2022-03-20 05:20:55"
"79","115871","2022-03-01 00:58:18"
"79","20908","2022-03-08 03:11:11"
"79","538652","2022-03-30 04:14:06"
"79","373858","2022-04-08 05:12:30"
"79","270511","2022-03-08 07:51:57"
"81","45036","2022-03-14 12:29:35"
"81","95076","2022-04-06 06:27:03"
"81","504421","2022-01-29 08:15:56"
"81","173456","2022-01-28 02:54:53"
"82","86284","2022-04-08 10:16:52"
"82","556664","2022-04-13 06:54:22"
"82","286516","2022-02-06 17:59:12"
"82","372203","2022-02-14 18:40:01"
"82","342533","2022-04-10 03:29:50"
"82","15765","2022-02-23 08:14:09"
"82","616475","2022-02-21 04:34:21"
"82","232097","2022-04-05 16:00:33"
"82","505760","2022-04-04 22:25:42"
"82","342533","2022-04-12 17:27:51"
"82","211478","2022-01-06 21:05:06"
"82","571509","2022-03-18 07:33:02"
"82","342973","2022-04-12 19:29:30"
"82","241624","2022-04-05 16:21:15"
"82","477388","2022-04-14 09:27:26"
"82","286516","2022-04-01 11:00:28"
"82","363635","2022-01-21 04:41:19"
"82","15765","2022-03-12 15:28:22"
"82","226401","2022-03-22 05:14:45"
"82","232097","2022-04-04 02:59:43"
"82","257385","2022-02-27 09:44:30"
"82","232097","2022-04-06 15:52:05"
"83","427529","2022-04-06 16:59:22"
"83","103487","2022-04-05 23:17:31"
"83","103487","2022-04-09 09:21:07"
"83","514340","2022-03-31 02:15:24"
"83","409338","2022-04-04 01:52:42"
"83","248607","2022-02-25 15:20:11"
"83","562701","2022-01-21 15:21:09"
"83","102974","2022-01-31 13:30:09"
"84","345570","2022-04-13 16:03:27"
"84","237560","2022-03-18 21:19:37"
"84","111368","2022-04-08 12:43:06"
"84","291250","2022-03-07 14:46:46"
"84","400550","2022-04-14 16:39:32"
"84","291106","2022-03-17 05:47:33"
"84","468274","2022-03-26 23:33:49"
"84","325802","2022-04-07 12:44:47"
"84","400550","2022-04-09 16:26:38"
"84","490850","2022-02-13 01:56:55"
"84","127492","2022-03-11 18:55:44"
"84","468274","2022-03-19 09:07:08"
"84","111368","2022-04-12 05:26:48"
"85","98616","2022-04-13 00:04:43"
"85","411724","2022-03-22 08:58:30"
"85","146053","2022-03-28 22:00:17"
"85","627506","2022-03-01 06:44:10"
"85","407192","2022-03-22 16:06:17"
"85","411724","2022-03-05 16:03:45"
"85","410396","2022-04-13 06:48:22"
"85","262142","2022-02-09 08:23:48"
"85","134386","2022-04-12 01:20:10"
"85","166521","2022-03-11 16:58:07"
"85","528048","2022-04-04 20:01:27"
"85","234621","2022-04-13 22:56:24"
"85","146053","2022-02-10 09:27:55"
"85","407192","2022-04-04 14:44:17"
"85","524239","2022-04-10 06:36:54"
"85","617691","2022-04-02 17:42:50"
"86","139895","2022-04-11 22:04:40"
"87","52917","2022-02-18 05:26:55"
"87","290426","2022-04-01 08:25:25"
"87","533508","2022-03-18 22:47:31"
"87","406362","2022-03-20 01:56:20"
"87","539641","2022-03-31 14:09:13"
"87","405214","2022-04-08 23:08:02"
"87","222883","2022-04-01 14:32:48"
"87","61290","2022-03-17 08:19:18"
"87","134195","2022-03-03 10:58:47"
"87","93840","2022-03-21 17:53:26"
"87","166656","2022-03-28 21:16:48"
"87","126066","2022-01-20 06:01:49"
"87","178696","2022-03-21 15:50:18"
"87","178696","2022-02-21 14:21:56"
"87","541297","2022-04-11 19:08:43"
"87","400592","2022-04-05 02:41:35"
"87","61290","2022-04-09 14:19:15"
"88","448788","2022-03-14 14:15:29"
"88","593986","2022-04-11 05:19:11"
"88","295644","2022-02-07 21:35:40"
"88","295644","2022-02-04 06:23:50"
"88","593986","2022-03-17 07:41:09"
"88","291126","2022-03-31 17:18:00"
"88","139698","2022-04-09 23:06:53"
"88","110098","2022-04-08 09:08:05"
"88","576876","2022-04-11 13:30:31"
"88","621291","2022-04-10 03:09:14"
"88","492830","2022-01-14 21:35:53"
"88","428510","2022-03-24 11:00:27"
"90","170773","2022-03-09 00:36:53"
"90","451879","2022-03-11 10:08:08"
"90","182861","2022-03-23 05:44:56"
"90","380438","2022-03-28 01:33:02"
"90","334718","2022-03-31 11:11:36"
"90","52261","2022-03-22 18:24:49"
"90","558776","2022-03-20 10:41:21"
"90","530584","2022-04-06 20:09:05"
"91","404279","2022-02-10 15:49:04"
"91","543665","2022-01-24 09:12:16"
"91","80094","2022-03-30 20:24:48"
"91","295140","2022-03-08 00:02:51"
"91","248033","2022-01-28 08:25:32"
"91","63816","2022-03-23 05:28:22"
"91","205394","2022-04-14 02:47:21"
"91","248033","2022-03-27 17:23:50"
"91","53239","2022-04-12 16:41:08"
"91","295140","2022-04-04 05:50:30"
"91","162510","2022-04-10 07:37:18"
"91","258999","2022-04-08 15:31:42"
"91","300267","2022-03-05 19:42:58"
"91","248033","2022-02-23 17:01:23"
"91","162510","2022-04-12 22:09:57"
"91","446531","2022-04-14 18:18:16"
"91","184236","2022-03-30 16:40:10"
"91","194706","2022-02-19 09:36:55"
"91","208502","2022-04-10 06:25:04"
"91","53239","2022-03-28 00:06:32"
"91","248033","2022-03-15 14:22:27"
"91","224419","2022-02-20 23:28:54"
"91","516080","2022-03-11 15:23:43"
"91","80094","2022-04-14 09:28:23"
"91","567343","2022-03-05 00:21:07"
"91","80094","2022-04-03 04:07:31"
"91","203002","2022-01-27 00:55:39"
"91","194706","2022-02-16 17:30:57"
"91","233729","2022-03-25 14:29:38"
"91","516080","2022-03-10 23:27:23"
"91","561746","2022-04-09 22:23:32"
"93","335006","2022-04-06 06:07:46"
"93","404242","2022-03-01 18:08:38"
"93","404242","2022-03-10 10:21:09"
"93","92429","2022-03-02 16:47:22"
"93","143344","2022-03-31 15:02:34"
"93","296889","2022-02-24 19:17:24"
"93","42374","2022-03-10 01:56:04"
"93","92429","2022-03-29 03:49:46"
"93","286067","2022-03-17 03:17:47"
"93","598874","2022-04-10 17:10:45"
"95","293143","2022-02-25 02:57:57"
"95","293143","2022-04-02 10:26:27"
"95","382786","2022-04-14 08:05:53"
"95","517772","2022-02-07 21:02:04"
"95","189659","2022-03-21 11:28:39"
"95","407430","2022-04-08 22:57:09"
"95","222471","2022-03-16 14:27:00"
"96","12414","2022-02-17 09:19:32"
"96","370251","2022-04-02 11:43:47"
"96","315565","2022-04-13 06:04:16"
"96","263229","2022-03-25 18:58:35"
"96","89520","2022-04-02 17:26:36"
"96","178856","2022-03-02 18:44:39"
"96","197774","2022-04-12 20:48:36"
"96","357338","2022-04-13 20:06:30"
"96","586467","2022-03-19 02:10:42"
"96","477647","2022-03-17 16:56:50"
"96","89520","2022-02-10 18:06:28"
"96","322092","2022-04-09 16:28:57"
"96","315565","2022-04-13 02:57:26"
"96","370251","2022-03-22 16:18:54"
"96","31274","2022-03-18 22:23:12"
"98","112867","2022-03-09 07:23:28"
"98","116999","2022-02-20 16:31:51"
