"0","2022-03-11 00:23:44","447540"
"0","2022-03-11 00:23:44","559011"
"0","2022-03-11 00:23:44","277074"
"0","2022-03-11 00:23:44","463713"
"0","2022-03-11 00:23:44","293264"
"0","2022-03-11 00:23:44","257493"
"0","2022-03-11 00:23:44","376190"
"0","2022-03-11 00:23:44","232751"
"0","2022-03-11 00:23:44","267026"
"0","2022-03-11 00:23:44","286595"
"0","2022-03-11 00:23:44","236095"
"0","2022-03-11 00:23:44","564939"
"0","2022-03-11 00:23:44","152541"
"0","2022-03-11 00:23:44","246521"
"0","2022-03-11 00:23:44","82956"
"1","2022-03-26 03:22:43","251416"
"1","2022-03-26 03:22:43","223215"
"1","2022-03-26 03:22:43","234642"
"1","2022-03-26 03:22:43","211610"
"1","2022-03-26 03:22:43","329085"
"1","2022-03-26 03:22:43","531803"
"1","2022-03-26 03:22:43","307473"
"1","2022-03-26 03:22:43","626910"
"1","2022-03-26 03:22:43","269515"
"1","2022-03-26 03:22:43","573251"
"1","2022-03-26 03:22:43","152154"
"1","2022-03-26 03:22:43","433241"
"1","2022-03-26 03:22:43","258412"
"1","2022-03-26 03:22:43","185086"
"1","2022-03-26 03:22:43","219844"
"1","2022-04-06 00:01:46","432127"
"1","2022-04-06 00:01:46","227732"
"1","2022-04-06 00:01:46","606563"
"1","2022-04-06 00:01:46","577870"
"1","2022-04-06 00:01:46","74965"
"1","2022-04-06 00:01:46","421975"
"1","2022-03-09 11:41:16","626196"
"1","2022-03-09 11:41:16","209107"
"1","2022-03-09 11:41:16","249795"
"1","2022-03-09 11:41:16","406973"
"1","2022-03-09 11:41:16","239233"
"1","2022-03-09 11:41:16","89523"
"1","2022-03-09 11:41:16","584079"
"1","2022-03-09 11:41:16","483732"
"1","2022-03-09 11:41:16","156930"
"1","2022-03-09 11:41:16","121227"
"1","2022-03-09 11:41:16","234039"
"1","2022-03-09 11:41:16","376632"
"1","2022-03-09 11:41:16","160761"
"1","2022-03-09 11:41:16","340429"
"1","2022-03-09 11:41:16","447442"
"1","2022-03-09 11:41:16","265202"
"1","2022-03-09 11:41:16","400967"
"1","2022-03-09 11:41:16","343587"
"1","2022-03-09 11:41:16","341762"
"1","2022-03-09 11:41:16","587425"
"1","2022-03-09 11:41:16","529638"
"1","2022-03-09 11:41:16","451205"
"1","2022-03-09 11:41:16","523171"
"1","2022-03-09 11:41:16","330653"
"1","2022-03-09 11:41:16","1927"
"1","2022-03-09 11:41:16","280205"
"1","2022-03-09 11:41:16","385265"
"1","2022-03-09 11:41:16","23293"
"1","2022-03-09 11:41:16","433049"
"1","2022-03-09 11:41:16","529739"
"2","2022-02-06 02:48:06","430892"
"2","2022-02-06 02:48:06","617515"
"2","2022-02-06 02:48:06","14404"
"2","2022-02-06 02:48:06","415921"
"2","2022-02-06 02:48:06","486699"
"2","2022-02-06 02:48:06","228092"
"2","2022-02-06 02:48:06","278958"
"2","2022-02-06 02:48:06","217766"
"2","2022-02-06 02:48:06","90944"
"2","2022-02-06 02:48:06","324617"
"3","2022-04-04 18:54:12","193496"
"3","2022-04-04 18:54:12","251301"
"3","2022-04-04 18:54:12","101312"
"3","2022-04-04 18:54:12","502110"
"3","2022-04-04 18:54:12","377614"
"3","2022-04-04 18:54:12","264241"
"3","2022-04-04 18:54:12","282439"
"4","2022-03-23 05:07:28","37840"
"4","2022-03-23 05:07:28","163266"
"4","2022-03-23 05:07:28","135632"
"4","2022-03-23 05:07:28","10714"
"4","2022-03-23 05:07:28","240164"
"4","2022-03-23 05:07:28","294961"
"4","2022-01-04 07:10:53","371504"
"4","2022-01-04 07:10:53","474286"
"4","2022-01-04 07:10:53","544049"
"4","2022-01-04 07:10:53","12096"
"4","2022-01-04 07:10:53","138553"
"4","2022-01-04 07:10:53","627610"
"4","2022-01-04 07:10:53","41222"
"4","2022-01-04 07:10:53","171180"
"4","2022-01-04 07:10:53","313514"
"4","2022-01-04 07:10:53","513524"
"4","2022-01-04 07:10:53","572970"
"4","2022-01-04 07:10:53","300309"
"4","2022-01-04 07:10:53","58841"
"4","2022-01-04 07:10:53","360300"
"4","2022-01-04 07:10:53","527551"
"4","2022-01-04 07:10:53","618316"
"4","2022-01-04 07:10:53","173073"
"4","2022-01-04 07:10:53","203678"
"4","2022-01-04 07:10:53","243325"
"4","2022-01-04 07:10:53","441646"
"4","2022-01-04 07:10:53","202887"
"4","2022-01-04 07:10:53","200197"
"4","2022-01-04 07:10:53","565280"
"4","2022-01-04 07:10:53","328649"
"4","2022-01-04 07:10:53","176180"
"4","2022-01-04 07:10:53","482714"
"4","2022-01-04 07:10:53","432190"
"4","2022-01-04 07:10:53","8630"
"4","2022-01-02 01:14:14","141466"
"4","2022-01-02 01:14:14","214179"
"4","2022-01-02 01:14:14","255927"
"4","2022-01-02 01:14:14","258218"
"4","2022-01-02 01:14:14","268338"
"4","2022-01-02 01:14:14","177985"
"4","2022-01-02 01:14:14","313987"
"4","2022-01-02 01:14:14","432827"
"4","2022-01-02 01:14:14","545977"
"4","2022-01-02 01:14:14","410762"
"4","2022-01-02 01:14:14","244999"
"4","2022-01-02 01:14:14","570481"
"4","2022-01-02 01:14:14","416130"
"4","2022-01-02 01:14:14","28346"
"4","2022-01-02 01:14:14","112788"
"4","2022-01-02 01:14:14","334826"
"4","2022-01-02 01:14:14","326514"
"4","2022-01-02 01:14:14","37477"
"4","2022-01-02 01:14:14","543731"
"4","2022-01-02 01:14:14","44856"
"4","2022-01-02 01:14:14","250998"
"4","2022-01-02 01:14:14","298168"
"4","2022-01-02 01:14:14","522058"
"4","2022-01-02 01:14:14","314970"
"4","2022-01-02 01:14:14","322495"
"6","2022-01-31 19:26:48","204814"
"6","2022-01-31 19:26:48","220804"
"6","2022-01-31 19:26:48","584135"
"6","2022-01-31 19:26:48","137802"
"6","2022-01-31 19:26:48","488341"
"6","2022-01-31 19:26:48","72839"
"6","2022-01-31 19:26:48","540385"
"6","2022-01-31 19:26:48","108860"
"6","2022-01-31 19:26:48","376350"
"6","2022-01-31 19:26:48","69055"
"6","2022-01-31 19:26:48","549295"
"6","2022-01-31 19:26:48","177777"
"6","2022-01-31 19:26:48","607927"
"6","2022-01-31 19:26:48","353929"
"6","2022-01-31 19:26:48","488712"
"6","2022-01-31 19:26:48","85500"
"6","2022-04-14 08:40:30","96911"
"6","2022-04-14 08:40:30","534811"
"6","2022-04-14 08:40:30","619802"
"6","2022-04-14 08:40:30","503269"
"6","2022-04-14 08:40:30","143856"
"6","2022-04-14 08:40:30","402879"
"6","2022-04-14 08:40:30","99892"
"6","2022-04-14 08:40:30","559190"
"6","2022-03-29 08:29:57","527934"
"6","2022-03-29 08:29:57","53436"
"6","2022-03-29 08:29:57","316234"
"6","2022-03-29 08:29:57","503683"
"6","2022-03-29 08:29:57","4746"
"6","2022-03-29 08:29:57","90374"
"6","2022-03-29 08:29:57","290846"
"6","2022-03-29 08:29:57","364862"
"8","2022-03-19 02:06:13","23839"
"8","2022-03-19 02:06:13","273405"
"8","2022-03-19 02:06:13","250507"
"8","2022-03-19 02:06:13","184812"
"8","2022-03-19 02:06:13","68582"
"8","2022-03-19 02:06:13","101235"
"8","2022-03-19 02:06:13","113731"
"8","2022-03-19 02:06:13","185909"
"8","2022-03-19 02:06:13","355044"
"8","2022-03-19 02:06:13","596002"
"8","2022-03-19 02:06:13","140084"
"8","2022-03-19 02:06:13","619132"
"8","2022-03-19 02:06:13","395953"
"8","2022-03-19 02:06:13","578160"
"8","2022-03-19 02:06:13","146254"
"8","2022-03-19 02:06:13","517656"
"8","2022-03-20 23:00:07","440637"
"8","2022-03-20 23:00:07","146109"
"8","2022-03-20 23:00:07","356967"
"8","2022-03-20 23:00:07","390993"
"8","2022-03-20 23:00:07","231310"
"10","2022-01-13 15:33:35","341996"
"10","2022-01-13 15:33:35","564578"
"10","2022-01-13 15:33:35","311338"
"10","2022-01-13 15:33:35","31930"
"10","2022-01-13 15:33:35","248994"
"10","2022-01-13 15:33:35","97478"
"10","2022-01-13 15:33:35","562850"
"10","2022-01-13 15:33:35","365520"
"10","2022-01-13 15:33:35","229835"
"10","2022-01-13 15:33:35","90470"
"10","2022-01-13 15:33:35","563278"
"10","2022-01-13 15:33:35","130677"
"10","2022-01-13 15:33:35","497727"
"10","2022-01-13 15:33:35","278140"
"10","2022-01-13 15:33:35","32977"
"10","2022-01-13 15:33:35","62096"
"10","2022-01-13 15:33:35","522497"
"10","2022-01-13 15:33:35","550821"
"10","2022-01-13 15:33:35","550826"
"10","2022-01-13 15:33:35","80402"
"10","2022-01-13 15:33:35","548079"
"10","2022-01-13 15:33:35","140195"
"10","2022-01-13 15:33:35","356800"
"10","2022-01-13 15:33:35","36348"
"10","2022-01-13 15:33:35","421654"
"10","2022-01-04 16:21:06","451602"
"10","2022-01-04 16:21:06","125911"
"10","2022-01-04 16:21:06","380772"
"10","2022-01-04 16:21:06","482067"
"10","2022-01-04 16:21:06","370001"
"10","2022-01-04 16:21:06","299910"
"10","2022-01-04 16:21:06","188726"
"10","2022-01-04 16:21:06","25449"
"10","2022-01-04 16:21:06","100457"
"10","2022-01-04 16:21:06","432945"
"10","2022-01-04 16:21:06","278985"
"10","2022-01-04 16:21:06","266408"
"10","2022-01-04 16:21:06","571514"
"10","2022-01-04 16:21:06","439635"
"10","2022-01-04 16:21:06","416500"
"10","2022-01-04 16:21:06","564740"
"10","2022-01-04 16:21:06","153147"
"12","2022-03-11 23:54:20","406081"
"12","2022-03-11 23:54:20","374218"
"12","2022-03-11 23:54:20","391882"
"12","2022-03-11 23:54:20","447704"
"12","2022-03-11 23:54:20","577018"
"12","2022-03-11 23:54:20","391870"
"12","2022-03-11 23:54:20","443712"
"12","2022-03-11 23:54:20","282122"
"12","2022-03-11 23:54:20","338338"
"12","2022-03-11 23:54:20","584783"
"12","2022-03-11 23:54:20","58398"
"12","2022-03-11 23:54:20","476132"
"12","2022-03-11 23:54:20","214543"
"12","2022-03-11 23:54:20","310520"
"12","2022-03-11 23:54:20","351347"
"12","2022-03-11 23:54:20","217788"
"12","2022-03-11 23:54:20","289273"
"12","2022-03-11 23:54:20","603536"
"12","2022-04-11 17:42:12","105446"
"12","2022-04-11 17:42:12","217769"
"12","2022-04-11 17:42:12","48648"
"12","2022-04-11 17:42:12","186640"
"12","2022-04-11 17:42:12","474804"
"12","2022-04-11 17:42:12","277975"
"12","2022-04-11 17:42:12","276430"
"12","2022-04-11 17:42:12","70970"
"12","2022-04-11 17:42:12","476290"
"15","2022-03-06 03:24:18","351844"
"15","2022-03-06 03:24:18","433223"
"15","2022-03-06 03:24:18","23479"
"15","2022-03-06 03:24:18","87141"
"15","2022-03-06 03:24:18","298940"
"15","2022-03-06 03:24:18","316840"
"15","2022-03-06 03:24:18","239110"
"15","2022-03-06 03:24:18","412045"
"15","2022-03-06 03:24:18","309269"
"15","2022-03-06 03:24:18","125083"
"15","2022-03-06 03:24:18","506440"
"15","2022-03-06 03:24:18","253884"
"15","2022-03-06 03:24:18","29651"
"15","2022-03-06 03:24:18","572687"
"15","2022-03-06 03:24:18","260436"
"15","2022-03-06 03:24:18","594196"
"15","2022-03-06 03:24:18","540715"
"15","2022-03-24 09:40:33","508142"
"15","2022-03-24 09:40:33","577280"
"15","2022-03-24 09:40:33","363284"
"15","2022-03-24 09:40:33","474544"
"15","2022-03-24 09:40:33","57031"
"15","2022-03-24 09:40:33","396432"
"16","2022-02-18 07:04:49","78268"
"16","2022-02-18 07:04:49","579085"
"16","2022-02-18 07:04:49","522475"
"16","2022-02-18 07:04:49","174381"
"16","2022-02-18 07:04:49","514094"
"16","2022-02-18 07:04:49","551570"
"16","2022-02-18 07:04:49","316362"
"16","2022-02-18 07:04:49","188814"
"16","2022-02-18 07:04:49","271980"
"16","2022-02-18 07:04:49","333693"
"16","2022-02-18 07:04:49","218171"
"16","2022-01-17 14:04:19","589400"
"16","2022-01-17 14:04:19","119509"
"16","2022-01-17 14:04:19","466607"
"16","2022-01-17 14:04:19","60109"
"16","2022-01-17 14:04:19","574926"
"16","2022-01-17 14:04:19","350756"
"16","2022-01-17 14:04:19","494542"
"16","2022-01-17 14:04:19","483356"
"16","2022-01-17 14:04:19","188773"
"16","2022-01-17 14:04:19","355758"
"16","2022-01-17 14:04:19","52685"
"16","2022-01-17 14:04:19","464234"
"16","2022-01-17 14:04:19","139224"
"16","2022-01-17 14:04:19","513293"
"16","2022-01-17 14:04:19","258969"
"16","2022-01-17 14:04:19","238788"
"16","2022-01-17 14:04:19","367040"
"16","2022-01-17 14:04:19","309318"
"16","2022-01-17 14:04:19","391138"
"16","2022-01-17 14:04:19","363272"
"16","2022-01-17 14:04:19","145452"
"16","2022-01-17 14:04:19","466568"
"16","2022-01-17 14:04:19","267295"
"16","2022-01-17 14:04:19","591060"
"16","2022-01-06 21:04:22","135370"
"16","2022-01-06 21:04:22","359719"
"16","2022-01-06 21:04:22","150242"
"16","2022-01-06 21:04:22","305159"
"16","2022-01-06 21:04:22","357407"
"16","2022-01-06 21:04:22","471717"
"16","2022-01-06 21:04:22","568348"
"16","2022-01-06 21:04:22","60308"
"16","2022-01-06 21:04:22","113169"
"16","2022-01-06 21:04:22","594024"
"16","2022-01-06 21:04:22","586169"
"16","2022-01-06 21:04:22","181943"
"16","2022-01-06 21:04:22","538850"
"16","2022-01-06 21:04:22","487945"
"16","2022-01-06 21:04:22","340159"
"17","2022-01-19 21:20:33","373028"
"17","2022-01-19 21:20:33","458540"
"17","2022-01-19 21:20:33","551368"
"17","2022-01-19 21:20:33","97118"
"17","2022-01-19 21:20:33","154047"
"17","2022-01-19 21:20:33","577275"
"17","2022-01-19 21:20:33","193430"
"17","2022-01-19 21:20:33","304366"
"17","2022-01-19 21:20:33","310475"
"17","2022-01-19 21:20:33","229925"
"17","2022-01-19 21:20:33","194667"
"17","2022-01-19 21:20:33","146388"
"17","2022-01-19 21:20:33","626191"
"17","2022-01-19 21:20:33","258383"
"17","2022-01-19 21:20:33","365112"
"17","2022-01-19 21:20:33","68785"
"17","2022-01-19 21:20:33","346263"
"17","2022-01-19 21:20:33","18133"
"17","2022-01-19 21:20:33","481358"
"17","2022-01-19 21:20:33","18373"
"17","2022-01-19 21:20:33","196921"
"17","2022-03-13 14:39:02","254414"
"17","2022-03-13 14:39:02","104005"
"17","2022-03-13 14:39:02","350839"
"17","2022-03-13 14:39:02","119946"
"17","2022-03-13 14:39:02","188401"
"17","2022-03-13 14:39:02","56403"
"17","2022-03-13 14:39:02","418971"
"17","2022-03-13 14:39:02","301248"
"17","2022-03-13 14:39:02","463849"
"17","2022-03-13 14:39:02","12940"
"17","2022-03-13 14:39:02","250024"
"17","2022-03-13 14:39:02","132381"
"17","2022-03-13 14:39:02","259936"
"17","2022-03-13 14:39:02","249135"
"17","2022-03-13 14:39:02","591388"
"17","2022-03-13 14:39:02","164467"
"17","2022-03-13 14:39:02","165408"
"17","2022-03-13 14:39:02","339618"
"17","2022-03-13 14:39:02","71451"
"17","2022-03-13 14:39:02","54814"
"17","2022-03-13 14:39:02","296624"
"17","2022-01-09 08:57:55","112143"
"17","2022-01-09 08:57:55","502343"
"17","2022-01-09 08:57:55","499030"
"17","2022-01-09 08:57:55","411394"
"17","2022-01-09 08:57:55","435713"
"17","2022-01-09 08:57:55","266859"
"17","2022-01-09 08:57:55","489835"
"17","2022-01-09 08:57:55","80434"
"17","2022-01-09 08:57:55","158693"
"17","2022-01-09 08:57:55","436027"
"17","2022-01-09 08:57:55","583336"
"17","2022-01-09 08:57:55","414624"
"17","2022-01-09 08:57:55","79230"
"17","2022-01-09 08:57:55","361183"
"17","2022-01-09 08:57:55","466074"
"17","2022-01-09 08:57:55","72198"
"17","2022-01-09 08:57:55","85394"
"17","2022-01-09 08:57:55","363813"
"17","2022-01-09 08:57:55","395133"
"17","2022-01-09 08:57:55","535126"
"17","2022-01-09 08:57:55","336249"
"17","2022-01-09 08:57:55","176436"
"17","2022-01-09 08:57:55","240984"
"17","2022-01-09 08:57:55","505604"
"17","2022-01-09 08:57:55","27971"
"17","2022-01-09 08:57:55","582085"
"17","2022-01-09 08:57:55","369433"
"18","2022-03-20 10:45:48","206567"
"18","2022-03-20 10:45:48","123774"
"18","2022-03-20 10:45:48","181591"
"18","2022-03-20 10:45:48","209698"
"18","2022-03-20 10:45:48","400186"
"18","2022-03-20 10:45:48","394816"
"18","2022-03-20 10:45:48","602676"
"18","2022-03-20 10:45:48","367893"
"18","2022-03-20 10:45:48","115573"
"18","2022-03-20 10:45:48","194529"
"18","2022-03-20 10:45:48","434296"
"20","2022-01-21 08:48:44","543361"
"20","2022-01-21 08:48:44","249460"
"20","2022-01-21 08:48:44","51061"
"20","2022-01-21 08:48:44","265820"
"20","2022-01-21 08:48:44","460096"
"20","2022-01-21 08:48:44","144489"
"20","2022-01-21 08:48:44","253511"
"20","2022-01-21 08:48:44","38860"
"20","2022-01-21 08:48:44","94645"
"20","2022-01-21 08:48:44","295183"
"20","2022-01-21 08:48:44","395861"
"20","2022-01-21 08:48:44","172132"
"20","2022-01-21 08:48:44","445433"
"20","2022-01-21 08:48:44","571840"
"20","2022-01-21 08:48:44","389681"
"20","2022-01-21 08:48:44","520721"
"20","2022-01-21 08:48:44","22142"
"20","2022-01-21 08:48:44","76030"
"20","2022-01-21 08:48:44","12028"
"20","2022-01-21 08:48:44","319525"
"20","2022-01-21 08:48:44","526714"
"20","2022-01-21 08:48:44","381143"
"20","2022-01-21 08:48:44","108331"
"20","2022-01-21 08:48:44","63112"
"20","2022-02-02 14:34:35","626372"
"20","2022-02-02 14:34:35","382621"
"20","2022-02-02 14:34:35","465222"
"20","2022-02-02 14:34:35","277275"
"20","2022-02-02 14:34:35","247373"
"20","2022-02-02 14:34:35","384929"
"20","2022-02-02 14:34:35","116649"
"20","2022-02-02 14:34:35","144738"
"20","2022-02-02 14:34:35","164329"
"20","2022-02-02 14:34:35","357548"
"20","2022-02-02 14:34:35","49742"
"20","2022-02-02 14:34:35","502034"
"20","2022-02-02 14:34:35","208411"
"20","2022-02-02 14:34:35","581342"
"20","2022-02-02 14:34:35","8711"
"20","2022-02-02 14:34:35","116779"
"20","2022-02-02 14:34:35","462371"
"20","2022-02-02 14:34:35","629335"
"20","2022-02-02 14:34:35","106958"
"21","2022-01-18 15:50:52","71448"
"21","2022-01-18 15:50:52","93095"
"21","2022-01-18 15:50:52","431266"
"21","2022-01-18 15:50:52","531284"
"21","2022-01-18 15:50:52","468944"
"21","2022-01-18 15:50:52","520674"
"21","2022-01-18 15:50:52","381968"
"21","2022-01-18 15:50:52","106689"
"21","2022-01-18 15:50:52","242892"
"21","2022-01-18 15:50:52","350431"
"21","2022-01-18 15:50:52","551527"
"21","2022-01-18 15:50:52","268561"
"21","2022-01-18 15:50:52","578023"
"21","2022-01-18 15:50:52","254469"
"21","2022-01-18 15:50:52","627401"
"21","2022-01-18 15:50:52","475727"
"21","2022-01-18 15:50:52","465602"
"21","2022-01-18 15:50:52","122096"
"21","2022-01-18 15:50:52","619586"
"21","2022-01-18 15:50:52","264012"
"21","2022-01-18 15:50:52","435283"
"21","2022-03-24 22:05:18","164275"
"21","2022-03-24 22:05:18","608261"
"21","2022-03-24 22:05:18","231918"
"21","2022-03-24 22:05:18","228368"
"21","2022-03-24 22:05:18","380661"
"21","2022-03-24 22:05:18","267720"
"21","2022-03-24 22:05:18","2866"
"21","2022-03-24 22:05:18","460034"
"21","2022-03-24 22:05:18","569269"
"21","2022-03-24 22:05:18","361687"
"21","2022-03-24 22:05:18","98947"
"21","2022-03-24 22:05:18","266734"
"21","2022-03-24 22:05:18","428431"
"21","2022-03-24 22:05:18","119920"
"21","2022-03-24 16:16:07","479207"
"21","2022-03-24 16:16:07","125191"
"21","2022-03-24 16:16:07","555423"
"21","2022-03-24 16:16:07","600702"
"22","2022-02-05 21:44:43","332855"
"22","2022-02-05 21:44:43","574025"
"22","2022-02-05 21:44:43","214410"
"22","2022-02-05 21:44:43","107600"
"22","2022-02-05 21:44:43","445463"
"22","2022-02-05 21:44:43","544321"
"22","2022-02-05 21:44:43","532992"
"22","2022-02-05 21:44:43","212345"
"22","2022-02-05 21:44:43","66601"
"22","2022-02-05 21:44:43","217616"
"22","2022-02-05 21:44:43","171054"
"22","2022-02-05 21:44:43","95467"
"22","2022-02-05 21:44:43","561235"
"22","2022-01-15 20:38:03","160629"
"22","2022-01-15 20:38:03","524763"
"22","2022-01-15 20:38:03","508725"
"22","2022-01-15 20:38:03","223772"
"22","2022-01-15 20:38:03","129762"
"22","2022-01-15 20:38:03","18588"
"22","2022-01-15 20:38:03","513902"
"22","2022-01-15 20:38:03","375659"
"22","2022-01-15 20:38:03","604781"
"22","2022-01-15 20:38:03","284140"
"22","2022-01-15 20:38:03","269596"
"22","2022-01-15 20:38:03","238356"
"22","2022-01-15 20:38:03","339575"
"22","2022-03-05 02:16:53","552242"
"22","2022-03-05 02:16:53","260469"
"22","2022-03-05 02:16:53","122536"
"22","2022-03-05 02:16:53","176653"
"22","2022-03-05 02:16:53","28236"
"22","2022-03-05 02:16:53","454251"
"22","2022-03-05 02:16:53","11115"
"22","2022-03-05 02:16:53","109241"
"22","2022-03-05 02:16:53","458784"
"22","2022-03-05 02:16:53","619667"
"22","2022-03-05 02:16:53","473529"
"22","2022-03-05 02:16:53","307476"
"22","2022-03-05 02:16:53","85741"
"22","2022-03-05 02:16:53","130441"
"25","2022-03-23 10:56:42","613164"
"25","2022-03-23 10:56:42","475584"
"25","2022-03-23 10:56:42","455401"
"25","2022-03-23 10:56:42","359462"
"25","2022-03-23 10:56:42","403168"
"25","2022-03-23 10:56:42","403719"
"25","2022-03-23 10:56:42","72828"
"25","2022-03-23 10:56:42","460932"
"25","2022-03-23 10:56:42","96954"
"25","2022-03-23 10:56:42","257779"
"25","2022-03-23 10:56:42","82575"
"25","2022-03-23 10:56:42","590182"
"25","2022-03-23 10:56:42","90630"
"25","2022-03-23 10:56:42","518136"
"25","2022-03-23 10:56:42","511963"
"25","2022-03-23 10:56:42","89045"
"25","2022-03-23 10:56:42","10343"
"25","2022-03-23 10:56:42","488283"
"25","2022-03-23 10:56:42","315635"
"25","2022-03-03 12:30:36","384936"
"25","2022-03-03 12:30:36","315007"
"25","2022-03-03 12:30:36","164885"
"25","2022-03-03 12:30:36","206481"
"25","2022-03-03 12:30:36","37048"
"25","2022-03-16 10:39:32","553825"
"25","2022-03-16 10:39:32","256710"
"25","2022-03-16 10:39:32","179372"
"25","2022-03-16 10:39:32","597818"
"25","2022-03-16 10:39:32","2723"
"25","2022-03-16 10:39:32","375153"
"25","2022-03-16 10:39:32","440086"
"25","2022-03-16 10:39:32","189931"
"27","2022-03-20 04:45:04","414905"
"27","2022-03-20 04:45:04","36187"
"27","2022-03-20 04:45:04","106966"
"27","2022-03-20 04:45:04","352169"
"27","2022-03-20 04:45:04","383606"
"27","2022-03-20 04:45:04","108192"
"27","2022-03-20 04:45:04","612224"
"27","2022-03-20 04:45:04","597051"
"27","2022-03-20 04:45:04","234288"
"27","2022-03-20 04:45:04","350986"
"27","2022-03-20 04:45:04","457006"
"27","2022-03-20 04:45:04","361592"
"27","2022-03-20 04:45:04","80042"
"27","2022-03-20 04:45:04","373018"
"27","2022-03-20 04:45:04","426486"
"27","2022-03-20 04:45:04","416386"
"27","2022-03-20 04:45:04","274004"
"28","2022-01-19 05:05:07","444404"
"28","2022-01-19 05:05:07","498191"
"28","2022-01-19 05:05:07","487189"
"28","2022-01-19 05:05:07","447690"
"28","2022-01-19 05:05:07","404281"
"28","2022-01-19 05:05:07","172982"
"28","2022-01-19 05:05:07","527247"
"29","2022-02-06 12:20:58","178666"
"29","2022-02-06 12:20:58","108783"
"29","2022-02-06 12:20:58","420227"
"29","2022-02-06 12:20:58","513411"
"29","2022-02-06 12:20:58","586043"
"29","2022-02-06 12:20:58","349533"
"29","2022-02-06 12:20:58","599311"
"29","2022-02-06 12:20:58","512097"
"29","2022-02-06 12:20:58","352494"
"29","2022-02-06 12:20:58","468917"
"29","2022-02-06 12:20:58","248959"
"29","2022-02-06 12:20:58","376285"
"29","2022-02-06 12:20:58","445516"
"29","2022-02-06 12:20:58","103586"
"29","2022-02-06 12:20:58","491423"
"29","2022-02-06 12:20:58","199860"
"29","2022-02-06 12:20:58","459792"
"29","2022-02-06 12:20:58","361997"
"29","2022-02-06 12:20:58","293951"
"29","2022-02-06 12:20:58","534153"
"29","2022-02-06 12:20:58","50280"
"29","2022-02-06 12:20:58","232686"
"29","2022-02-06 12:20:58","70367"
"29","2022-02-06 12:20:58","139713"
"29","2022-02-06 12:20:58","437100"
"29","2022-02-06 12:20:58","386963"
"29","2022-02-06 12:20:58","443926"
"29","2022-02-06 12:20:58","421933"
"29","2022-02-06 12:20:58","410765"
"29","2022-01-01 15:51:17","81754"
"29","2022-01-01 15:51:17","485699"
"29","2022-01-01 15:51:17","492872"
"29","2022-01-01 15:51:17","121332"
"29","2022-01-01 15:51:17","237424"
"29","2022-01-01 15:51:17","532969"
"29","2022-01-01 15:51:17","60045"
"29","2022-01-01 15:51:17","534373"
"29","2022-01-01 15:51:17","133254"
"29","2022-01-01 15:51:17","83688"
"29","2022-01-01 15:51:17","86838"
"29","2022-03-15 06:20:03","87633"
"29","2022-03-15 06:20:03","165883"
"29","2022-03-15 06:20:03","289333"
"29","2022-03-15 06:20:03","624113"
"29","2022-03-15 06:20:03","143025"
"29","2022-03-15 06:20:03","426989"
"29","2022-03-15 06:20:03","371949"
"29","2022-03-15 06:20:03","470263"
"29","2022-03-15 06:20:03","404577"
"29","2022-03-15 06:20:03","576512"
"29","2022-03-15 06:20:03","613659"
"29","2022-03-15 06:20:03","209452"
"29","2022-03-15 06:20:03","519388"
"29","2022-03-15 06:20:03","461486"
"29","2022-03-15 06:20:03","186488"
"29","2022-03-15 06:20:03","465742"
"30","2022-03-18 00:24:58","288477"
"30","2022-03-18 00:24:58","533491"
"30","2022-03-18 00:24:58","440300"
"30","2022-03-18 00:24:58","167535"
"30","2022-03-18 00:24:58","308355"
"30","2022-03-18 00:24:58","557070"
"30","2022-03-18 00:24:58","491732"
"30","2022-03-18 00:24:58","122628"
"30","2022-03-18 00:24:58","379734"
"30","2022-03-18 00:24:58","274080"
"30","2022-03-18 00:24:58","400384"
"30","2022-03-18 00:24:58","362594"
"30","2022-03-18 00:24:58","534684"
"30","2022-03-18 00:24:58","596789"
"32","2022-04-10 00:29:26","606247"
"32","2022-04-10 00:29:26","464890"
"32","2022-04-10 00:29:26","109146"
"32","2022-04-10 00:29:26","264293"
"32","2022-04-10 00:29:26","458967"
"32","2022-04-10 00:29:26","384149"
"32","2022-04-10 00:29:26","145992"
"32","2022-04-10 00:29:26","29818"
"32","2022-04-10 00:29:26","231394"
"32","2022-04-10 00:29:26","95371"
"32","2022-04-10 00:29:26","562831"
"32","2022-04-10 00:29:26","611761"
"32","2022-04-10 00:29:26","572236"
"32","2022-04-10 00:29:26","413853"
"32","2022-04-10 00:29:26","7519"
"32","2022-04-10 00:29:26","127391"
"32","2022-04-10 00:29:26","292698"
"32","2022-04-10 00:29:26","558017"
"32","2022-04-10 00:29:26","237469"
"32","2022-04-10 00:29:26","607699"
"32","2022-04-10 00:29:26","183904"
"32","2022-04-10 00:29:26","561648"
"32","2022-04-10 00:29:26","582828"
"32","2022-04-10 00:29:26","68662"
"32","2022-04-10 00:29:26","621150"
"32","2022-04-10 00:29:26","276478"
"32","2022-04-10 00:29:26","25826"
"32","2022-04-10 00:29:26","401346"
"32","2022-04-10 00:29:26","121724"
"32","2022-03-26 09:34:48","594061"
"32","2022-03-26 09:34:48","77897"
"32","2022-03-26 09:34:48","521811"
"32","2022-03-26 09:34:48","399507"
"32","2022-03-26 09:34:48","515499"
"32","2022-03-26 09:34:48","442426"
"32","2022-03-26 09:34:48","177931"
"32","2022-03-26 09:34:48","363021"
"32","2022-03-26 09:34:48","177428"
"32","2022-03-26 09:34:48","94784"
"32","2022-03-26 09:34:48","139882"
"32","2022-03-26 09:34:48","469004"
"32","2022-03-26 09:34:48","570327"
"32","2022-03-26 09:34:48","623311"
"32","2022-03-26 09:34:48","5072"
"32","2022-03-26 09:34:48","164422"
"34","2022-03-29 15:21:11","392970"
"34","2022-03-29 15:21:11","28565"
"34","2022-03-29 15:21:11","465720"
"34","2022-03-29 15:21:11","361669"
"34","2022-03-29 15:21:11","47246"
"35","2022-03-05 07:02:41","188489"
"35","2022-03-05 07:02:41","412758"
"35","2022-03-05 07:02:41","257898"
"35","2022-03-05 07:02:41","528933"
"35","2022-03-05 07:02:41","403783"
"35","2022-03-05 07:02:41","454675"
"35","2022-03-05 07:02:41","463545"
"35","2022-03-05 07:02:41","35180"
"35","2022-03-05 07:02:41","276884"
"35","2022-03-05 07:02:41","145721"
"35","2022-03-05 07:02:41","306843"
"35","2022-03-05 07:02:41","469533"
"35","2022-03-05 07:02:41","114598"
"35","2022-03-05 07:02:41","433919"
"35","2022-03-05 07:02:41","335797"
"35","2022-03-05 07:02:41","223710"
"35","2022-03-05 07:02:41","624653"
"35","2022-03-05 07:02:41","492775"
"35","2022-03-05 07:02:41","511973"
"35","2022-03-05 07:02:41","99828"
"35","2022-03-05 07:02:41","38928"
"35","2022-03-05 07:02:41","608744"
"35","2022-03-05 07:02:41","277428"
"35","2022-03-05 07:02:41","282528"
"35","2022-03-05 07:02:41","191857"
"35","2022-03-05 07:02:41","276685"
"35","2022-03-05 07:02:41","63542"
"35","2022-03-05 07:02:41","121305"
"35","2022-03-05 07:02:41","177334"
"35","2022-03-05 07:02:41","386410"
"35","2022-02-01 19:53:07","173517"
"35","2022-02-01 19:53:07","18204"
"35","2022-02-01 19:53:07","326371"
"35","2022-02-01 19:53:07","547850"
"35","2022-02-01 19:53:07","223149"
"35","2022-02-01 19:53:07","33193"
"35","2022-02-01 19:53:07","334585"
"35","2022-02-01 19:53:07","174884"
"35","2022-02-01 19:53:07","40820"
"36","2022-02-14 22:12:01","488859"
"36","2022-02-14 22:12:01","8089"
"36","2022-02-14 22:12:01","170155"
"36","2022-02-14 22:12:01","239670"
"36","2022-02-14 22:12:01","100946"
"36","2022-02-14 22:12:01","516613"
"36","2022-02-14 22:12:01","386190"
"36","2022-02-14 22:12:01","429190"
"36","2022-02-14 22:12:01","336707"
"36","2022-02-14 22:12:01","203103"
"36","2022-02-14 22:12:01","425438"
"36","2022-02-14 22:12:01","120882"
"36","2022-02-14 22:12:01","593583"
"36","2022-02-14 22:12:01","94980"
"36","2022-02-14 22:12:01","496104"
"36","2022-02-14 22:12:01","91837"
"36","2022-02-14 22:12:01","6222"
"36","2022-02-14 22:12:01","329207"
"36","2022-02-14 22:12:01","593164"
"36","2022-02-14 22:12:01","227"
"36","2022-02-14 22:12:01","552455"
"36","2022-02-14 22:12:01","467871"
"36","2022-02-04 06:14:40","375909"
"36","2022-02-04 06:14:40","358653"
"36","2022-02-04 06:14:40","594228"
"36","2022-02-04 06:14:40","506374"
"36","2022-02-04 06:14:40","288049"
"36","2022-02-04 06:14:40","95374"
"36","2022-02-04 06:14:40","260639"
"36","2022-02-04 06:14:40","248300"
"36","2022-02-04 06:14:40","139833"
"36","2022-02-04 06:14:40","297608"
"36","2022-02-04 06:14:40","57331"
"36","2022-02-04 06:14:40","315647"
"36","2022-02-04 06:14:40","49796"
"36","2022-02-04 06:14:40","117609"
"36","2022-02-04 06:14:40","487624"
"36","2022-02-04 06:14:40","295981"
"36","2022-02-04 06:14:40","59152"
"36","2022-02-04 06:14:40","485650"
"36","2022-02-04 06:14:40","447419"
"36","2022-02-04 06:14:40","239798"
"36","2022-02-04 06:14:40","34847"
"36","2022-02-04 06:14:40","237595"
"36","2022-02-04 06:14:40","530177"
"36","2022-02-04 06:14:40","419742"
"36","2022-02-04 06:14:40","629734"
"36","2022-02-04 06:14:40","493009"
"36","2022-02-04 06:14:40","54542"
"37","2022-03-16 07:59:13","449038"
"37","2022-03-16 07:59:13","335177"
"37","2022-03-16 07:59:13","224192"
"40","2022-04-02 20:34:22","509174"
"40","2022-04-02 20:34:22","129497"
"40","2022-04-02 20:34:22","571848"
"40","2022-04-02 20:34:22","575017"
"40","2022-04-02 20:34:22","32151"
"40","2022-04-02 20:34:22","134556"
"40","2022-02-03 18:04:59","82304"
"40","2022-02-03 18:04:59","161648"
"40","2022-02-03 18:04:59","562322"
"40","2022-02-03 18:04:59","474104"
"40","2022-02-03 18:04:59","269259"
"40","2022-02-03 18:04:59","262045"
"40","2022-02-03 18:04:59","405765"
"40","2022-02-03 18:04:59","138922"
"40","2022-02-03 18:04:59","300128"
"40","2022-02-03 18:04:59","551974"
"40","2022-02-03 18:04:59","335766"
"40","2022-02-03 18:04:59","429093"
"40","2022-02-03 18:04:59","248495"
"40","2022-02-03 18:04:59","500635"
"40","2022-02-03 18:04:59","511917"
"40","2022-02-03 18:04:59","83579"
"40","2022-02-03 18:04:59","322098"
"40","2022-02-03 18:04:59","523204"
"40","2022-02-03 18:04:59","593134"
"40","2022-02-03 18:04:59","183217"
"40","2022-02-03 18:04:59","190624"
"40","2022-02-03 18:04:59","496675"
"40","2022-02-03 18:04:59","550332"
"40","2022-02-03 18:04:59","25624"
"40","2022-02-03 18:04:59","121554"
"40","2022-02-03 18:04:59","197314"
"40","2022-02-03 18:04:59","168505"
"40","2022-02-03 18:04:59","524442"
"40","2022-02-03 18:04:59","515943"
"40","2022-02-03 18:04:59","363798"
"40","2022-03-01 09:41:02","38093"
"40","2022-03-01 09:41:02","548327"
"40","2022-03-01 09:41:02","522019"
"40","2022-03-01 09:41:02","93503"
"40","2022-03-01 09:41:02","68668"
"40","2022-03-01 09:41:02","406977"
"40","2022-03-01 09:41:02","52210"
"41","2022-03-17 11:47:40","628381"
"41","2022-03-17 11:47:40","629372"
"41","2022-03-17 11:47:40","427216"
"41","2022-03-17 11:47:40","524958"
"41","2022-03-17 11:47:40","24670"
"41","2022-03-17 11:47:40","44388"
"41","2022-03-17 11:47:40","467550"
"41","2022-03-17 11:47:40","403657"
"41","2022-03-17 11:47:40","232317"
"41","2022-03-17 11:47:40","172895"
"41","2022-03-17 11:47:40","280389"
"41","2022-03-17 11:47:40","156491"
"41","2022-03-17 11:47:40","469676"
"41","2022-03-17 11:47:40","491268"
"41","2022-03-17 11:47:40","208948"
"41","2022-03-17 11:47:40","528919"
"41","2022-03-17 11:47:40","165257"
"41","2022-03-17 11:47:40","238043"
"41","2022-03-17 11:47:40","204597"
"41","2022-03-17 11:47:40","420249"
"41","2022-03-17 11:47:40","317412"
"41","2022-03-17 11:47:40","344996"
"41","2022-03-17 11:47:40","611357"
"41","2022-03-17 11:47:40","533690"
"43","2022-01-30 19:54:23","558394"
"43","2022-01-30 19:54:23","493200"
"43","2022-01-30 19:54:23","372456"
"43","2022-01-30 19:54:23","562523"
"43","2022-01-30 19:54:23","155624"
"43","2022-01-30 19:54:23","107045"
"43","2022-01-30 19:54:23","545492"
"43","2022-01-30 19:54:23","468217"
"43","2022-01-30 19:54:23","32213"
"43","2022-01-30 19:54:23","524295"
"43","2022-01-30 19:54:23","132069"
"43","2022-01-30 19:54:23","37877"
"43","2022-01-30 19:54:23","123107"
"43","2022-01-30 19:54:23","404814"
"43","2022-01-30 19:54:23","85800"
"43","2022-01-30 19:54:23","95982"
"43","2022-01-30 19:54:23","162663"
"43","2022-01-30 19:54:23","389826"
"43","2022-01-30 19:54:23","150324"
"43","2022-01-30 19:54:23","437500"
"43","2022-01-30 19:54:23","148493"
"43","2022-01-30 19:54:23","411719"
"43","2022-01-30 19:54:23","112910"
"43","2022-01-30 19:54:23","317100"
"43","2022-01-30 19:54:23","73504"
"43","2022-01-30 19:54:23","329570"
"43","2022-01-30 19:54:23","291523"
"44","2022-01-10 10:26:04","36084"
"44","2022-01-10 10:26:04","482604"
"44","2022-01-10 10:26:04","93219"
"44","2022-01-10 10:26:04","457170"
"44","2022-01-10 10:26:04","559208"
"44","2022-01-10 10:26:04","577232"
"44","2022-02-09 06:35:08","604858"
"44","2022-02-09 06:35:08","619597"
"44","2022-02-09 06:35:08","444339"
"44","2022-02-09 06:35:08","411685"
"44","2022-02-09 06:35:08","579444"
"44","2022-02-09 06:35:08","301678"
"44","2022-01-14 15:29:42","619734"
"44","2022-01-14 15:29:42","250767"
"44","2022-01-14 15:29:42","508066"
"44","2022-01-14 15:29:42","379084"
"45","2022-02-27 05:06:54","560919"
"45","2022-02-27 05:06:54","152691"
"45","2022-02-27 05:06:54","31491"
"45","2022-02-27 05:06:54","397118"
"45","2022-02-27 05:06:54","35624"
"45","2022-02-27 05:06:54","608214"
"45","2022-02-27 05:06:54","479888"
"45","2022-02-27 05:06:54","618743"
"45","2022-02-27 05:06:54","205398"
"45","2022-02-27 05:06:54","394722"
"45","2022-02-27 05:06:54","454534"
"45","2022-02-27 05:06:54","596248"
"45","2022-02-27 05:06:54","276441"
"45","2022-02-27 05:06:54","33699"
"45","2022-02-27 05:06:54","99154"
"45","2022-02-27 05:06:54","606492"
"45","2022-02-27 05:06:54","595532"
"45","2022-02-27 05:06:54","273629"
"45","2022-02-27 05:06:54","465015"
"45","2022-02-27 05:06:54","54170"
"45","2022-02-27 05:06:54","238544"
"45","2022-02-27 05:06:54","177125"
"45","2022-02-27 05:06:54","132332"
"45","2022-02-27 05:06:54","360686"
"45","2022-02-27 05:06:54","416300"
"45","2022-02-27 05:06:54","475268"
"45","2022-02-27 05:06:54","439935"
"45","2022-02-27 05:06:54","148022"
"45","2022-02-27 05:06:54","173584"
"45","2022-02-27 05:06:54","373964"
"45","2022-04-01 19:45:10","490563"
"45","2022-04-01 19:45:10","583376"
"45","2022-04-01 19:45:10","226802"
"45","2022-04-01 19:45:10","57653"
"45","2022-04-01 19:45:10","296799"
"45","2022-04-01 19:45:10","168643"
"45","2022-04-01 19:45:10","514419"
"45","2022-04-01 19:45:10","264346"
"45","2022-04-01 19:45:10","117930"
"45","2022-04-01 19:45:10","453493"
"45","2022-04-01 19:45:10","39250"
"45","2022-04-01 19:45:10","49708"
"45","2022-04-09 19:39:07","339719"
"45","2022-04-09 19:39:07","474393"
"45","2022-04-09 19:39:07","359459"
"45","2022-04-09 19:39:07","493234"
"45","2022-04-09 19:39:07","457645"
"45","2022-04-09 19:39:07","113467"
"48","2022-03-27 11:35:29","174955"
"48","2022-03-27 11:35:29","191259"
"48","2022-03-27 11:35:29","539235"
"48","2022-02-09 18:54:52","20354"
"48","2022-02-09 18:54:52","573717"
"48","2022-02-09 18:54:52","542410"
"48","2022-02-09 18:54:52","559981"
"48","2022-02-09 18:54:52","338605"
"48","2022-02-09 18:54:52","150433"
"48","2022-02-09 18:54:52","40249"
"48","2022-02-09 18:54:52","451667"
"48","2022-02-09 18:54:52","275399"
"48","2022-02-09 18:54:52","29115"
"48","2022-02-09 18:54:52","618727"
"48","2022-02-09 18:54:52","453799"
"48","2022-02-09 18:54:52","295947"
"48","2022-02-09 18:54:52","355328"
"48","2022-02-09 18:54:52","323555"
"48","2022-02-09 18:54:52","626321"
"48","2022-02-09 18:54:52","579393"
"48","2022-02-09 18:54:52","594961"
"48","2022-02-09 18:54:52","108151"
"48","2022-03-20 07:23:10","589350"
"48","2022-03-20 07:23:10","188717"
"48","2022-03-20 07:23:10","352854"
"48","2022-03-20 07:23:10","221162"
"48","2022-03-20 07:23:10","295029"
"48","2022-03-20 07:23:10","18551"
"48","2022-03-20 07:23:10","494200"
"48","2022-03-20 07:23:10","434046"
"48","2022-03-20 07:23:10","383388"
"48","2022-03-20 07:23:10","375154"
"48","2022-03-20 07:23:10","604428"
"48","2022-03-20 07:23:10","461169"
"48","2022-03-20 07:23:10","513860"
"48","2022-03-20 07:23:10","339673"
"49","2022-03-14 21:46:38","535957"
"49","2022-03-14 21:46:38","399324"
"49","2022-03-14 21:46:38","259705"
"49","2022-03-14 21:46:38","401469"
"49","2022-03-14 21:46:38","386721"
"49","2022-03-14 21:46:38","456143"
"49","2022-03-14 21:46:38","262107"
"49","2022-03-14 21:46:38","544386"
"49","2022-03-14 21:46:38","483880"
"49","2022-03-14 21:46:38","169014"
"49","2022-03-14 21:46:38","283691"
"49","2022-03-14 21:46:38","117993"
"49","2022-03-14 21:46:38","518474"
"49","2022-03-14 21:46:38","392105"
"49","2022-03-14 21:46:38","105976"
"49","2022-03-14 21:46:38","497318"
"49","2022-03-14 21:46:38","362774"
"49","2022-03-14 21:46:38","553362"
"49","2022-03-14 21:46:38","368872"
"49","2022-03-14 21:46:38","561148"
"49","2022-03-14 21:46:38","479044"
"49","2022-03-14 21:46:38","294591"
"49","2022-03-14 21:46:38","336715"
"49","2022-03-14 21:46:38","333639"
"49","2022-03-14 21:46:38","223562"
"49","2022-03-14 21:46:38","460666"
"49","2022-03-14 21:46:38","88367"
"49","2022-03-14 21:46:38","146325"
"49","2022-03-14 21:46:38","623887"
"49","2022-04-11 09:16:07","367552"
"49","2022-04-11 09:16:07","585948"
"49","2022-04-11 09:16:07","349119"
"49","2022-04-11 09:16:07","320301"
"49","2022-04-11 09:16:07","96068"
"50","2022-03-15 16:07:18","276421"
"50","2022-03-15 16:07:18","523062"
"50","2022-03-15 16:07:18","23471"
"50","2022-03-15 16:07:18","803"
"50","2022-03-15 16:07:18","581922"
"50","2022-03-15 16:07:18","489906"
"50","2022-03-15 16:07:18","234849"
"50","2022-03-15 16:07:18","330163"
"50","2022-03-15 16:07:18","6451"
"50","2022-03-15 16:07:18","605014"
"50","2022-03-15 16:07:18","225421"
"50","2022-03-15 16:07:18","614868"
"50","2022-03-15 16:07:18","62109"
"50","2022-03-15 16:07:18","251261"
"50","2022-03-15 16:07:18","40729"
"50","2022-03-15 16:07:18","397955"
"50","2022-03-15 16:07:18","605580"
"50","2022-03-15 16:07:18","109121"
"50","2022-03-15 16:07:18","338549"
"50","2022-03-15 16:07:18","620317"
"53","2022-02-06 02:44:09","461954"
"53","2022-02-06 02:44:09","432931"
"53","2022-02-06 02:44:09","15796"
"53","2022-02-06 02:44:09","331147"
"53","2022-04-05 20:33:00","626915"
"53","2022-04-05 20:33:00","103518"
"53","2022-04-05 20:33:00","343649"
"53","2022-04-05 20:33:00","21781"
"53","2022-04-05 20:33:00","480755"
"53","2022-04-05 20:33:00","566577"
"53","2022-04-05 20:33:00","146732"
"53","2022-04-05 20:33:00","615274"
"55","2022-03-17 14:19:53","257064"
"55","2022-03-17 14:19:53","54374"
"55","2022-03-17 14:19:53","279813"
"55","2022-03-17 14:19:53","46394"
"55","2022-03-17 14:19:53","254234"
"55","2022-03-17 14:19:53","79801"
"55","2022-03-17 14:19:53","364653"
"55","2022-03-17 14:19:53","97271"
"55","2022-03-17 14:19:53","144471"
"55","2022-03-17 14:19:53","540048"
"55","2022-03-17 14:19:53","624338"
"55","2022-03-17 14:19:53","497727"
"55","2022-03-17 14:19:53","69748"
"55","2022-03-17 14:19:53","243635"
"55","2022-02-18 14:39:38","20714"
"55","2022-03-21 10:50:46","169200"
"55","2022-03-21 10:50:46","531479"
"55","2022-03-21 10:50:46","595656"
"55","2022-03-21 10:50:46","478747"
"55","2022-03-21 10:50:46","302657"
"55","2022-03-21 10:50:46","60525"
"56","2022-04-04 09:41:42","470343"
"56","2022-04-04 09:41:42","362228"
"56","2022-04-04 09:41:42","186091"
"56","2022-04-04 09:41:42","236811"
"56","2022-04-04 09:41:42","167376"
"56","2022-04-04 09:41:42","535960"
"56","2022-04-04 09:41:42","547555"
"56","2022-04-04 09:41:42","183270"
"56","2022-04-04 09:41:42","338731"
"56","2022-04-04 09:41:42","379930"
"56","2022-04-04 09:41:42","349098"
"56","2022-04-04 09:41:42","109475"
"56","2022-04-04 09:41:42","492323"
"56","2022-04-04 09:41:42","98384"
"56","2022-04-04 09:41:42","214893"
"56","2022-04-04 09:41:42","526480"
"56","2022-04-04 09:41:42","68051"
"56","2022-04-04 09:41:42","36064"
"56","2022-04-04 09:41:42","198070"
"56","2022-04-04 09:41:42","163309"
"56","2022-04-04 09:41:42","52898"
"56","2022-04-04 09:41:42","108974"
"56","2022-04-04 09:41:42","614770"
"56","2022-02-04 07:57:32","291583"
"56","2022-02-04 07:57:32","515876"
"56","2022-02-04 07:57:32","26996"
"56","2022-02-04 07:57:32","4620"
"56","2022-02-04 07:57:32","116171"
"56","2022-02-04 07:57:32","300042"
"56","2022-02-04 07:57:32","430101"
"56","2022-02-04 07:57:32","111699"
"56","2022-02-04 07:57:32","602673"
"56","2022-02-04 07:57:32","143821"
"56","2022-02-04 07:57:32","488088"
"56","2022-02-04 07:57:32","317582"
"56","2022-02-04 07:57:32","76850"
"56","2022-02-04 07:57:32","256205"
"56","2022-02-04 07:57:32","402271"
"56","2022-02-04 07:57:32","463556"
"56","2022-02-04 07:57:32","311178"
"56","2022-02-04 07:57:32","114072"
"56","2022-02-04 07:57:32","360488"
"56","2022-02-04 07:57:32","100447"
"56","2022-02-04 07:57:32","94577"
"56","2022-02-04 07:57:32","290961"
"56","2022-02-04 07:57:32","39739"
"56","2022-02-04 07:57:32","128287"
"56","2022-02-04 07:57:32","210285"
"56","2022-02-04 07:57:32","63103"
"56","2022-02-04 07:57:32","67866"
"56","2022-04-14 15:12:13","17469"
"56","2022-04-14 15:12:13","588573"
"56","2022-04-14 15:12:13","13319"
"56","2022-04-14 15:12:13","323574"
"57","2022-02-19 06:55:40","544015"
"57","2022-02-19 06:55:40","448027"
"57","2022-02-19 06:55:40","12940"
"57","2022-02-19 06:55:40","149025"
"57","2022-02-19 06:55:40","568898"
"57","2022-02-19 06:55:40","284566"
"57","2022-02-19 06:55:40","511660"
"57","2022-02-19 06:55:40","8756"
"57","2022-02-19 06:55:40","497164"
"57","2022-02-19 06:55:40","108895"
"57","2022-02-19 06:55:40","587730"
"57","2022-02-19 06:55:40","497047"
"57","2022-02-19 06:55:40","192691"
"57","2022-02-19 06:55:40","525333"
"57","2022-02-19 06:55:40","556672"
"57","2022-02-19 06:55:40","177876"
"57","2022-02-19 06:55:40","416052"
"57","2022-04-11 04:41:53","560518"
"57","2022-04-11 04:41:53","586367"
"57","2022-04-11 04:41:53","523052"
"57","2022-04-11 04:41:53","170624"
"57","2022-04-11 04:41:53","95863"
"57","2022-04-11 04:41:53","207285"
"57","2022-04-11 04:41:53","539391"
"57","2022-04-11 04:41:53","428207"
"57","2022-04-11 04:41:53","12485"
"57","2022-04-11 04:41:53","69645"
"57","2022-04-11 04:41:53","578556"
"57","2022-04-11 04:41:53","540027"
"57","2022-04-11 04:41:53","483953"
"57","2022-04-11 04:41:53","350596"
"57","2022-04-11 04:41:53","566607"
"58","2022-02-28 18:57:15","306685"
"58","2022-02-28 18:57:15","54285"
"58","2022-02-28 18:57:15","291998"
"58","2022-02-28 18:57:15","413714"
"58","2022-02-28 18:57:15","407343"
"58","2022-02-28 18:57:15","495249"
"58","2022-02-28 18:57:15","346001"
"58","2022-02-28 18:57:15","391346"
"58","2022-02-28 18:57:15","330571"
"58","2022-02-28 18:57:15","610808"
"58","2022-02-28 18:57:15","208346"
"58","2022-02-28 18:57:15","176535"
"58","2022-02-28 18:57:15","286895"
"58","2022-02-28 18:57:15","544183"
"59","2022-01-27 22:42:49","623018"
"59","2022-01-27 22:42:49","91937"
"59","2022-01-27 22:42:49","232459"
"59","2022-01-27 22:42:49","65011"
"59","2022-01-27 22:42:49","620281"
"59","2022-01-27 22:42:49","96664"
"59","2022-01-27 22:42:49","267030"
"59","2022-01-27 22:42:49","535350"
"59","2022-01-27 22:42:49","483891"
"59","2022-01-27 22:42:49","296173"
"59","2022-01-27 22:42:49","477152"
"59","2022-01-27 22:42:49","18223"
"59","2022-01-27 22:42:49","208157"
"59","2022-01-27 22:42:49","285762"
"59","2022-01-27 22:42:49","157468"
"59","2022-01-27 22:42:49","628752"
"59","2022-01-27 22:42:49","384273"
"59","2022-01-27 22:42:49","544686"
"59","2022-01-27 22:42:49","187994"
"59","2022-01-27 22:42:49","23847"
"59","2022-01-27 22:42:49","508877"
"59","2022-01-27 22:42:49","193300"
"59","2022-01-27 22:42:49","509589"
"59","2022-03-20 02:00:22","445317"
"59","2022-03-20 02:00:22","65697"
"59","2022-03-20 02:00:22","528669"
"59","2022-03-20 02:00:22","135249"
"59","2022-03-20 02:00:22","579419"
"59","2022-03-20 02:00:22","286178"
"59","2022-03-20 02:00:22","23543"
"59","2022-03-20 02:00:22","41358"
"59","2022-03-20 02:00:22","185185"
"59","2022-03-20 02:00:22","127144"
"59","2022-01-06 23:56:53","47109"
"59","2022-01-06 23:56:53","154599"
"59","2022-01-06 23:56:53","204768"
"59","2022-01-06 23:56:53","256209"
"59","2022-01-06 23:56:53","503027"
"59","2022-01-06 23:56:53","26922"
"59","2022-01-06 23:56:53","61277"
"59","2022-01-06 23:56:53","404002"
"59","2022-01-06 23:56:53","619725"
"59","2022-01-06 23:56:53","287891"
"59","2022-01-06 23:56:53","105783"
"59","2022-01-06 23:56:53","598545"
"59","2022-01-06 23:56:53","527618"
"60","2022-04-11 07:41:55","219747"
"60","2022-04-11 07:41:55","307207"
"60","2022-04-11 07:41:55","238744"
"60","2022-04-11 07:41:55","33551"
"60","2022-04-11 07:41:55","387884"
"60","2022-04-11 07:41:55","29984"
"60","2022-04-11 07:41:55","174233"
"60","2022-04-11 07:41:55","12064"
"60","2022-04-11 07:41:55","251707"
"60","2022-04-11 07:41:55","66385"
"60","2022-04-10 06:08:30","78094"
"60","2022-04-10 06:08:30","128404"
"62","2022-02-15 04:10:44","340803"
"62","2022-02-15 04:10:44","495096"
"62","2022-02-15 04:10:44","312925"
"62","2022-02-15 04:10:44","254806"
"62","2022-02-15 04:10:44","567869"
"62","2022-02-15 04:10:44","112350"
"62","2022-02-15 04:10:44","618164"
"62","2022-02-15 04:10:44","266154"
"62","2022-02-15 04:10:44","480503"
"62","2022-04-01 18:59:12","531253"
"62","2022-04-01 18:59:12","302550"
"62","2022-01-18 12:45:35","264267"
"62","2022-01-18 12:45:35","551046"
"62","2022-01-18 12:45:35","3256"
"62","2022-01-18 12:45:35","428759"
"62","2022-01-18 12:45:35","167920"
"62","2022-01-18 12:45:35","100576"
"62","2022-01-18 12:45:35","30448"
"62","2022-01-18 12:45:35","417524"
"62","2022-01-18 12:45:35","181983"
"62","2022-01-18 12:45:35","301465"
"62","2022-01-18 12:45:35","398329"
"62","2022-01-18 12:45:35","496823"
"62","2022-01-18 12:45:35","353495"
"62","2022-01-18 12:45:35","48320"
"62","2022-01-18 12:45:35","22745"
"62","2022-01-18 12:45:35","348782"
"62","2022-01-18 12:45:35","272616"
"62","2022-01-18 12:45:35","161707"
"62","2022-01-18 12:45:35","66275"
"62","2022-01-18 12:45:35","487939"
"62","2022-01-18 12:45:35","254997"
"62","2022-01-18 12:45:35","361329"
"62","2022-01-18 12:45:35","459132"
"62","2022-01-18 12:45:35","172566"
"62","2022-01-18 12:45:35","22919"
"64","2022-03-12 20:57:42","85110"
"64","2022-03-12 20:57:42","541357"
"64","2022-03-12 20:57:42","166225"
"64","2022-03-12 20:57:42","609322"
"64","2022-03-12 20:57:42","204232"
"64","2022-03-12 20:57:42","618062"
"64","2022-03-12 20:57:42","17027"
"64","2022-03-12 20:57:42","350564"
"64","2022-03-12 20:57:42","147229"
"64","2022-03-12 20:57:42","518587"
"64","2022-03-12 20:57:42","96636"
"64","2022-03-12 20:57:42","263620"
"64","2022-03-12 20:57:42","455106"
"64","2022-03-12 20:57:42","474562"
"64","2022-03-12 20:57:42","491789"
"64","2022-03-12 20:57:42","43129"
"64","2022-03-12 20:57:42","602061"
"64","2022-03-12 20:57:42","311580"
"64","2022-03-12 20:57:42","392228"
"64","2022-04-12 14:47:51","15992"
"64","2022-04-12 14:47:51","596496"
"64","2022-01-31 17:58:42","52844"
"64","2022-01-31 17:58:42","555576"
"64","2022-01-31 17:58:42","339355"
"64","2022-01-31 17:58:42","304622"
"64","2022-01-31 17:58:42","259445"
"64","2022-01-31 17:58:42","222077"
"64","2022-01-31 17:58:42","327137"
"64","2022-01-31 17:58:42","63173"
"64","2022-01-31 17:58:42","621503"
"64","2022-01-31 17:58:42","187914"
"64","2022-01-31 17:58:42","476487"
"64","2022-01-31 17:58:42","395450"
"64","2022-01-31 17:58:42","27773"
"64","2022-01-31 17:58:42","218212"
"64","2022-01-31 17:58:42","563919"
"64","2022-01-31 17:58:42","363462"
"64","2022-01-31 17:58:42","468115"
"64","2022-01-31 17:58:42","560980"
"64","2022-01-31 17:58:42","541078"
"64","2022-01-31 17:58:42","144277"
"64","2022-01-31 17:58:42","397409"
"64","2022-01-31 17:58:42","393961"
"64","2022-01-31 17:58:42","596399"
"68","2022-02-12 17:04:17","394534"
"68","2022-02-12 17:04:17","423446"
"68","2022-02-12 17:04:17","110217"
"68","2022-02-12 17:04:17","292811"
"68","2022-02-12 17:04:17","317044"
"68","2022-02-12 17:04:17","622203"
"68","2022-02-12 17:04:17","489377"
"68","2022-02-12 17:04:17","133038"
"68","2022-02-12 17:04:17","324380"
"68","2022-02-12 17:04:17","55988"
"68","2022-02-12 17:04:17","206225"
"68","2022-02-12 17:04:17","26641"
"68","2022-02-12 17:04:17","183243"
"68","2022-02-12 17:04:17","562782"
"68","2022-02-12 17:04:17","463810"
"68","2022-02-12 17:04:17","12622"
"68","2022-02-12 17:04:17","621501"
"68","2022-02-12 17:04:17","617437"
"68","2022-02-12 17:04:17","24395"
"68","2022-02-12 17:04:17","109692"
"68","2022-02-12 17:04:17","138005"
"68","2022-02-12 17:04:17","4118"
"68","2022-02-12 17:04:17","208805"
"68","2022-02-12 17:04:17","608174"
"68","2022-02-12 17:04:17","345256"
"68","2022-02-12 17:04:17","261113"
"68","2022-02-12 17:04:17","344829"
"68","2022-02-12 17:04:17","249488"
"68","2022-02-12 17:04:17","183051"
"69","2022-03-25 12:18:15","535597"
"69","2022-03-25 12:18:15","615475"
"69","2022-03-25 12:18:15","133013"
"69","2022-03-25 12:18:15","61260"
"69","2022-03-25 12:18:15","360713"
"69","2022-03-25 12:18:15","163457"
"69","2022-03-25 12:18:15","360317"
"69","2022-03-25 12:18:15","194969"
"69","2022-02-20 09:46:50","20195"
"69","2022-02-20 09:46:50","33414"
"69","2022-02-20 09:46:50","355100"
"69","2022-02-20 09:46:50","516008"
"69","2022-02-20 09:46:50","218720"
"69","2022-02-20 09:46:50","493751"
"69","2022-02-20 09:46:50","528998"
"69","2022-02-20 09:46:50","576216"
"69","2022-02-20 09:46:50","258376"
"69","2022-02-20 09:46:50","47557"
"69","2022-02-20 09:46:50","462430"
"70","2022-02-17 03:53:21","35846"
"70","2022-02-17 03:53:21","375201"
"72","2022-04-11 18:10:14","34267"
"72","2022-04-11 18:10:14","72325"
"72","2022-04-11 18:10:14","377626"
"72","2022-04-11 18:10:14","610394"
"72","2022-04-11 18:10:14","196197"
"72","2022-04-11 18:10:14","355005"
"72","2022-04-11 18:10:14","592269"
"72","2022-04-11 18:10:14","185790"
"72","2022-04-11 18:10:14","96964"
"72","2022-04-11 18:10:14","545914"
"72","2022-04-11 18:10:14","443530"
"72","2022-04-11 18:10:14","475623"
"72","2022-04-11 18:10:14","340299"
"72","2022-04-11 18:10:14","610563"
"72","2022-04-11 18:10:14","384457"
"72","2022-04-11 18:10:14","182466"
"72","2022-04-11 18:10:14","552343"
"72","2022-04-11 18:10:14","402160"
"72","2022-04-11 18:10:14","424897"
"72","2022-04-11 18:10:14","459459"
"72","2022-01-13 17:23:24","176656"
"72","2022-01-13 17:23:24","82189"
"72","2022-01-13 17:23:24","146794"
"72","2022-01-13 17:23:24","319575"
"72","2022-01-13 17:23:24","112688"
"72","2022-01-13 17:23:24","440858"
"72","2022-01-13 17:23:24","604132"
"72","2022-01-13 17:23:24","565074"
"72","2022-01-13 17:23:24","386168"
"72","2022-01-13 17:23:24","391742"
"74","2022-02-17 13:42:28","105577"
"74","2022-02-17 13:42:28","63736"
"74","2022-02-17 13:42:28","184551"
"74","2022-02-17 13:42:28","378183"
"74","2022-02-17 13:42:28","602029"
"74","2022-02-17 13:42:28","447312"
"74","2022-02-17 13:42:28","562818"
"74","2022-02-17 13:42:28","538821"
"74","2022-02-17 13:42:28","105684"
"74","2022-02-17 13:42:28","43257"
"74","2022-02-17 13:42:28","351465"
"74","2022-02-17 13:42:28","135179"
"74","2022-02-17 13:42:28","257366"
"74","2022-02-17 13:42:28","516725"
"74","2022-02-17 13:42:28","252210"
"74","2022-02-17 13:42:28","286474"
"74","2022-02-17 13:42:28","334721"
"74","2022-02-17 13:42:28","92794"
"74","2022-02-17 13:42:28","254435"
"74","2022-02-17 13:42:28","14884"
"74","2022-02-17 13:42:28","92499"
"74","2022-02-17 13:42:28","450329"
"74","2022-02-17 13:42:28","81161"
"74","2022-02-17 13:42:28","370589"
"74","2022-02-17 13:42:28","198589"
"75","2022-03-03 22:14:15","269736"
"75","2022-03-03 22:14:15","292791"
"75","2022-03-03 22:14:15","474364"
"75","2022-03-03 22:14:15","253656"
"75","2022-03-03 22:14:15","475448"
"75","2022-03-03 22:14:15","613627"
"75","2022-03-03 22:14:15","512152"
"75","2022-03-03 22:14:15","496243"
"75","2022-03-03 22:14:15","162669"
"75","2022-03-03 22:14:15","516623"
"75","2022-03-03 22:14:15","461556"
"75","2022-03-03 22:14:15","48277"
"75","2022-03-03 22:14:15","394423"
"75","2022-03-03 22:14:15","203492"
"75","2022-03-03 22:14:15","519138"
"75","2022-03-03 22:14:15","409119"
"75","2022-03-03 22:14:15","308713"
"75","2022-03-03 22:14:15","187052"
"75","2022-03-03 22:14:15","209713"
"75","2022-03-03 22:14:15","48141"
"75","2022-03-20 05:27:03","110273"
"75","2022-03-20 05:27:03","565758"
"75","2022-03-20 05:27:03","535485"
"75","2022-03-20 05:27:03","92818"
"75","2022-03-20 05:27:03","363916"
"75","2022-03-20 05:27:03","141374"
"75","2022-01-15 04:34:05","439914"
"75","2022-01-15 04:34:05","251389"
"75","2022-01-15 04:34:05","201405"
"75","2022-01-15 04:34:05","405324"
"75","2022-01-15 04:34:05","399163"
"75","2022-01-15 04:34:05","555058"
"75","2022-01-15 04:34:05","189703"
"75","2022-01-15 04:34:05","420489"
"75","2022-01-15 04:34:05","296984"
"75","2022-01-15 04:34:05","215202"
"75","2022-01-15 04:34:05","327869"
"76","2022-02-28 06:43:40","217779"
"76","2022-02-28 06:43:40","304851"
"76","2022-02-28 06:43:40","451897"
"76","2022-02-28 06:43:40","132219"
"76","2022-02-28 06:43:40","475447"
"76","2022-02-28 06:43:40","387383"
"76","2022-02-28 06:43:40","296276"
"76","2022-02-28 06:43:40","305417"
"76","2022-02-28 06:43:40","477681"
"77","2022-03-04 08:52:26","615879"
"77","2022-03-04 08:52:26","438038"
"77","2022-03-04 08:52:26","7539"
"77","2022-03-04 08:52:26","11609"
"77","2022-03-04 08:52:26","592100"
"77","2022-03-04 08:52:26","579000"
"77","2022-03-04 08:52:26","83837"
"77","2022-03-04 08:52:26","586712"
"77","2022-03-04 08:52:26","598570"
"77","2022-03-04 08:52:26","1843"
"77","2022-03-04 08:52:26","347726"
"77","2022-03-04 08:52:26","111601"
"77","2022-03-04 08:52:26","20450"
"77","2022-03-04 08:52:26","85268"
"77","2022-03-04 08:52:26","463255"
"77","2022-03-04 08:52:26","155828"
"77","2022-03-04 08:52:26","545640"
"77","2022-03-04 08:52:26","77617"
"77","2022-03-04 08:52:26","450464"
"77","2022-03-04 08:52:26","158503"
"77","2022-03-04 08:52:26","231974"
"77","2022-03-04 08:52:26","276486"
"77","2022-03-04 08:52:26","230985"
"77","2022-01-18 09:49:59","376167"
"77","2022-01-18 09:49:59","582876"
"77","2022-01-18 09:49:59","214638"
"77","2022-01-18 09:49:59","403373"
"77","2022-01-18 09:49:59","600462"
"77","2022-01-18 09:49:59","40361"
"77","2022-01-18 09:49:59","171894"
"77","2022-01-18 09:49:59","539237"
"77","2022-01-18 09:49:59","281765"
"77","2022-01-18 09:49:59","622288"
"77","2022-01-18 09:49:59","614286"
"77","2022-01-18 09:49:59","288919"
"77","2022-01-18 09:49:59","18603"
"77","2022-01-18 09:49:59","467189"
"77","2022-01-18 09:49:59","101661"
"77","2022-01-18 09:49:59","192598"
"77","2022-01-18 09:49:59","149887"
"77","2022-01-18 09:49:59","300154"
"77","2022-01-18 09:49:59","158711"
"77","2022-01-18 09:49:59","462564"
"77","2022-01-18 09:49:59","100564"
"77","2022-01-18 09:49:59","464402"
"77","2022-01-18 09:49:59","618237"
"77","2022-01-18 09:49:59","579953"
"77","2022-01-18 09:49:59","544165"
"77","2022-01-18 09:49:59","394081"
"78","2022-03-05 03:19:54","197397"
"78","2022-03-05 03:19:54","94304"
"78","2022-03-05 03:19:54","497192"
"78","2022-03-05 03:19:54","130215"
"78","2022-03-05 03:19:54","579361"
"78","2022-03-05 03:19:54","420854"
"78","2022-03-05 03:19:54","242111"
"78","2022-03-05 03:19:54","188032"
"78","2022-03-05 03:19:54","384109"
"78","2022-03-05 03:19:54","203828"
"78","2022-03-05 03:19:54","497523"
"78","2022-03-05 03:19:54","597320"
"78","2022-03-05 03:19:54","57761"
"78","2022-03-05 03:19:54","472859"
"78","2022-03-05 03:19:54","585171"
"78","2022-03-05 03:19:54","73381"
"78","2022-03-05 03:19:54","421032"
"78","2022-03-05 03:19:54","153146"
"78","2022-04-14 13:42:36","466754"
"79","2022-04-01 18:31:51","167347"
"79","2022-04-01 18:31:51","55365"
"79","2022-04-01 18:31:51","370781"
"79","2022-04-01 18:31:51","167054"
"79","2022-04-01 18:31:51","87819"
"79","2022-04-01 18:31:51","165993"
"79","2022-04-01 18:31:51","323295"
"79","2022-04-01 18:31:51","510738"
"79","2022-04-01 18:31:51","254093"
"79","2022-04-01 18:31:51","119557"
"79","2022-01-19 20:20:50","488944"
"79","2022-01-19 20:20:50","109997"
"79","2022-01-19 20:20:50","310785"
"79","2022-01-19 20:20:50","495793"
"79","2022-01-19 20:20:50","239421"
"79","2022-01-19 20:20:50","23601"
"79","2022-01-19 20:20:50","483459"
"79","2022-01-19 20:20:50","258706"
"79","2022-01-19 20:20:50","402883"
"79","2022-01-19 20:20:50","556796"
"79","2022-01-19 20:20:50","69693"
"79","2022-01-19 20:20:50","183966"
"79","2022-01-19 20:20:50","447504"
"79","2022-01-19 20:20:50","132380"
"79","2022-01-19 20:20:50","41010"
"79","2022-03-29 09:32:31","265687"
"79","2022-03-29 09:32:31","534367"
"79","2022-03-29 09:32:31","164552"
"79","2022-03-29 09:32:31","59984"
"79","2022-03-29 09:32:31","413856"
"79","2022-03-29 09:32:31","166136"
"79","2022-03-29 09:32:31","39410"
"79","2022-03-29 09:32:31","64619"
"79","2022-03-29 09:32:31","372344"
"79","2022-03-29 09:32:31","76065"
"79","2022-03-29 09:32:31","161587"
"79","2022-03-29 09:32:31","512087"
"79","2022-03-29 09:32:31","146183"
"79","2022-03-29 09:32:31","616664"
"79","2022-03-29 09:32:31","501198"
"79","2022-03-29 09:32:31","130772"
"79","2022-03-29 09:32:31","268012"
"79","2022-03-29 09:32:31","74291"
"79","2022-03-29 09:32:31","161307"
"79","2022-03-29 09:32:31","124173"
"79","2022-03-29 09:32:31","275913"
"79","2022-03-29 09:32:31","17914"
"79","2022-03-29 09:32:31","5968"
"79","2022-03-29 09:32:31","606492"
"79","2022-03-29 09:32:31","288209"
"79","2022-03-29 09:32:31","339442"
"79","2022-03-29 09:32:31","9379"
"79","2022-03-29 09:32:31","524275"
"80","2022-04-03 03:35:03","601150"
"80","2022-04-03 03:35:03","148252"
"80","2022-04-03 03:35:03","195247"
"80","2022-04-03 03:35:03","625541"
"80","2022-04-03 03:35:03","411020"
"80","2022-04-03 03:35:03","254436"
"80","2022-04-03 03:35:03","108571"
"80","2022-04-03 03:35:03","541286"
"80","2022-04-03 03:35:03","62851"
"80","2022-04-03 03:35:03","102312"
"80","2022-04-03 03:35:03","292478"
"80","2022-04-03 03:35:03","365694"
"80","2022-04-03 03:35:03","561032"
"80","2022-04-03 03:35:03","547048"
"80","2022-04-03 03:35:03","428473"
"80","2022-04-03 03:35:03","49425"
"80","2022-04-03 03:35:03","86523"
"80","2022-04-03 03:35:03","594980"
"80","2022-04-03 03:35:03","249293"
"80","2022-04-03 03:35:03","288680"
"80","2022-04-03 03:35:03","153459"
"80","2022-04-03 03:35:03","316077"
"80","2022-04-03 03:35:03","443237"
"80","2022-04-03 03:35:03","36569"
"80","2022-04-03 03:35:03","328900"
"80","2022-01-04 05:50:44","54266"
"80","2022-01-04 05:50:44","606790"
"80","2022-03-21 17:43:29","347980"
"80","2022-03-21 17:43:29","197363"
"80","2022-03-21 17:43:29","137322"
"80","2022-03-21 17:43:29","601101"
"80","2022-03-21 17:43:29","354072"
"81","2022-01-22 23:29:32","231287"
"81","2022-01-22 23:29:32","357316"
"81","2022-01-22 23:29:32","564648"
"81","2022-01-22 23:29:32","532237"
"81","2022-01-22 23:29:32","18599"
"81","2022-01-22 23:29:32","417789"
"81","2022-02-16 10:35:18","305245"
"85","2022-03-22 02:09:34","391538"
"85","2022-03-22 02:09:34","247294"
"85","2022-03-22 02:09:34","312937"
"85","2022-03-22 02:09:34","71467"
"85","2022-03-22 02:09:34","374662"
"85","2022-03-22 02:09:34","13905"
"85","2022-03-22 02:09:34","537748"
"85","2022-03-22 02:09:34","531281"
"85","2022-03-22 02:09:34","569418"
"85","2022-03-22 02:09:34","306747"
"85","2022-03-22 02:09:34","402556"
"85","2022-03-22 02:09:34","438900"
"85","2022-03-22 02:09:34","120709"
"85","2022-04-14 06:36:40","413166"
"85","2022-04-14 06:36:40","271395"
"85","2022-04-14 06:36:40","314184"
"85","2022-04-14 06:36:40","1932"
"85","2022-04-14 06:36:40","620788"
"85","2022-04-14 06:36:40","45271"
"85","2022-04-14 06:36:40","483298"
"85","2022-04-14 06:36:40","193984"
"85","2022-04-14 06:36:40","422762"
"85","2022-04-14 06:36:40","418195"
"85","2022-04-14 06:36:40","404794"
"85","2022-04-14 06:36:40","6199"
"85","2022-04-14 06:36:40","191933"
"85","2022-04-14 06:36:40","19043"
"85","2022-04-14 06:36:40","88567"
"85","2022-04-14 06:36:40","18558"
"85","2022-04-14 06:36:40","422148"
"85","2022-04-14 06:36:40","424297"
"85","2022-04-14 06:36:40","522132"
"85","2022-04-14 06:36:40","108638"
"85","2022-04-14 06:36:40","543969"
"86","2022-03-09 05:10:27","206684"
"86","2022-04-13 19:54:09","420311"
"86","2022-04-13 19:54:09","362962"
"86","2022-04-13 19:54:09","303909"
"86","2022-04-13 19:54:09","105408"
"86","2022-04-13 19:54:09","432296"
"86","2022-04-13 19:54:09","195435"
"86","2022-04-13 19:54:09","350636"
"86","2022-04-13 19:54:09","217051"
"86","2022-04-13 19:54:09","505488"
"86","2022-04-13 19:54:09","81016"
"86","2022-04-13 19:54:09","104319"
"86","2022-04-13 19:54:09","320519"
"86","2022-04-13 19:54:09","568348"
"86","2022-04-13 19:54:09","277938"
"86","2022-04-13 19:54:09","326391"
"86","2022-04-13 19:54:09","453745"
"86","2022-04-13 19:54:09","56760"
"86","2022-04-13 19:54:09","108184"
"86","2022-04-13 19:54:09","375270"
"86","2022-04-13 19:54:09","492698"
"86","2022-04-13 19:54:09","18936"
"86","2022-04-13 19:54:09","431672"
"86","2022-04-13 19:54:09","245583"
"86","2022-04-13 19:54:09","377042"
"86","2022-04-13 19:54:09","562439"
"87","2022-04-08 10:47:36","401421"
"87","2022-04-08 10:47:36","561463"
"87","2022-04-08 10:47:36","355695"
"87","2022-04-08 10:47:36","230820"
"87","2022-04-08 10:47:36","109652"
"87","2022-04-08 10:47:36","532891"
"87","2022-04-08 10:47:36","471209"
"87","2022-04-08 10:47:36","69264"
"87","2022-04-08 10:47:36","247071"
"87","2022-04-08 10:47:36","376729"
"87","2022-04-08 10:47:36","380884"
"87","2022-04-08 10:47:36","225013"
"87","2022-04-08 10:47:36","171151"
"87","2022-04-08 10:47:36","323525"
"87","2022-04-08 10:47:36","391048"
"87","2022-04-08 10:47:36","599850"
"87","2022-04-08 10:47:36","35447"
"87","2022-04-08 10:47:36","102198"
"87","2022-04-08 10:47:36","161373"
"87","2022-04-08 10:47:36","218451"
"87","2022-04-08 10:47:36","168412"
"87","2022-04-08 10:47:36","443478"
"87","2022-04-08 10:47:36","607067"
"87","2022-03-15 21:44:52","322503"
"87","2022-03-15 21:44:52","385193"
"87","2022-03-15 21:44:52","222117"
"87","2022-03-15 21:44:52","37070"
"87","2022-03-15 21:44:52","239317"
"87","2022-03-15 21:44:52","271023"
"87","2022-03-15 21:44:52","540884"
"87","2022-03-15 21:44:52","386508"
"87","2022-03-15 21:44:52","350087"
"87","2022-03-15 21:44:52","276502"
"87","2022-03-15 21:44:52","509416"
"87","2022-03-15 21:44:52","477256"
"87","2022-03-15 21:44:52","397807"
"87","2022-03-15 21:44:52","141725"
"87","2022-03-15 21:44:52","558909"
"87","2022-03-15 21:44:52","581928"
"87","2022-03-15 21:44:52","562791"
"87","2022-03-15 21:44:52","340794"
"87","2022-03-15 21:44:52","186610"
"87","2022-03-15 21:44:52","585185"
"87","2022-03-15 21:44:52","102360"
"87","2022-03-15 21:44:52","547001"
"87","2022-03-15 21:44:52","296151"
"87","2022-03-15 21:44:52","110438"
"87","2022-03-15 21:44:52","425564"
"87","2022-03-15 21:44:52","168758"
"87","2022-04-03 14:44:48","148167"
"87","2022-04-03 14:44:48","322316"
"87","2022-04-03 14:44:48","30362"
"87","2022-04-03 14:44:48","385245"
"87","2022-04-03 14:44:48","303728"
"88","2022-02-11 16:12:53","95954"
"88","2022-02-11 16:12:53","350627"
"89","2022-03-15 17:51:33","438218"
"89","2022-03-15 17:51:33","493888"
"89","2022-03-15 17:51:33","158189"
"89","2022-03-15 17:51:33","135234"
"89","2022-03-15 17:51:33","425241"
"89","2022-03-15 17:51:33","396914"
"89","2022-03-15 17:51:33","97313"
"89","2022-03-15 17:51:33","28604"
"89","2022-03-15 17:51:33","170993"
"89","2022-03-15 17:51:33","567130"
"89","2022-03-15 17:51:33","1139"
"89","2022-03-15 17:51:33","182628"
"89","2022-03-15 17:51:33","296276"
"89","2022-03-15 17:51:33","218378"
"89","2022-03-15 17:51:33","382274"
"89","2022-03-15 17:51:33","559945"
"89","2022-03-15 17:51:33","263213"
"89","2022-03-15 17:51:33","109176"
"89","2022-03-15 17:51:33","28439"
"89","2022-03-15 17:51:33","452440"
"89","2022-03-15 17:51:33","375938"
"89","2022-02-23 07:42:25","146307"
"89","2022-02-23 07:42:25","110491"
"89","2022-02-23 07:42:25","214200"
"89","2022-02-23 07:42:25","569351"
"89","2022-02-23 07:42:25","427931"
"89","2022-02-23 07:42:25","13372"
"89","2022-02-23 07:42:25","489122"
"89","2022-02-23 07:42:25","524523"
"89","2022-02-23 07:42:25","458852"
"89","2022-02-23 07:42:25","275259"
"89","2022-02-23 07:42:25","396453"
"89","2022-02-23 07:42:25","122316"
"89","2022-02-23 07:42:25","454226"
"89","2022-02-23 07:42:25","321660"
"89","2022-02-23 07:42:25","66455"
"89","2022-02-23 07:42:25","299287"
"89","2022-02-23 07:42:25","599889"
"89","2022-02-23 07:42:25","105171"
"89","2022-02-23 07:42:25","518753"
"89","2022-03-24 16:35:08","164576"
"89","2022-03-24 16:35:08","455114"
"89","2022-03-24 16:35:08","493449"
"89","2022-03-24 16:35:08","526613"
"89","2022-03-24 16:35:08","168916"
"89","2022-03-24 16:35:08","341097"
"90","2022-04-04 04:27:14","21214"
"90","2022-04-04 04:27:14","236077"
"90","2022-04-04 04:27:14","74560"
"90","2022-04-04 04:27:14","242583"
"90","2022-04-04 04:27:14","582201"
"90","2022-04-04 04:27:14","473527"
"90","2022-04-04 04:27:14","315072"
"90","2022-04-04 04:27:14","77329"
"90","2022-04-04 04:27:14","128250"
"90","2022-04-04 04:27:14","203288"
"90","2022-04-04 04:27:14","91592"
"90","2022-04-04 04:27:14","604434"
"90","2022-04-04 04:27:14","588243"
"90","2022-04-04 04:27:14","592658"
"90","2022-04-04 04:27:14","458754"
"90","2022-04-04 04:27:14","33511"
"90","2022-04-04 04:27:14","238712"
"90","2022-04-04 04:27:14","338070"
"90","2022-04-04 04:27:14","90492"
"90","2022-04-04 04:27:14","448972"
"90","2022-04-04 04:27:14","429071"
"90","2022-04-04 04:27:14","28615"
"90","2022-04-04 04:27:14","55120"
"90","2022-04-04 04:27:14","115206"
"90","2022-03-31 21:52:53","81849"
"90","2022-03-31 21:52:53","194046"
"90","2022-01-18 15:50:26","438425"
"90","2022-01-18 15:50:26","19357"
"90","2022-01-18 15:50:26","496626"
"90","2022-01-18 15:50:26","627245"
"90","2022-01-18 15:50:26","588766"
"90","2022-01-18 15:50:26","129557"
"90","2022-01-18 15:50:26","581768"
"90","2022-01-18 15:50:26","288099"
"90","2022-01-18 15:50:26","439803"
"90","2022-01-18 15:50:26","588843"
"90","2022-01-18 15:50:26","14228"
"90","2022-01-18 15:50:26","239253"
"90","2022-01-18 15:50:26","395847"
"90","2022-01-18 15:50:26","440849"
"90","2022-01-18 15:50:26","131428"
"90","2022-01-18 15:50:26","483421"
"91","2022-01-05 20:50:54","435636"
"91","2022-01-05 20:50:54","50851"
"91","2022-01-05 20:50:54","562750"
"91","2022-01-05 20:50:54","584945"
"91","2022-01-05 20:50:54","510302"
"91","2022-01-05 20:50:54","570290"
"91","2022-01-05 20:50:54","190474"
"91","2022-01-05 20:50:54","194066"
"91","2022-01-05 20:50:54","176608"
"91","2022-01-05 20:50:54","265091"
"91","2022-01-05 20:50:54","490125"
"91","2022-01-05 20:50:54","579344"
"91","2022-01-05 20:50:54","265901"
"91","2022-01-05 20:50:54","74322"
"91","2022-01-05 20:50:54","520007"
"91","2022-01-05 20:50:54","272112"
"91","2022-01-05 20:50:54","270335"
"91","2022-01-05 20:50:54","616525"
"91","2022-01-05 20:50:54","66109"
"91","2022-01-05 20:50:54","200736"
"91","2022-01-05 20:50:54","123888"
"91","2022-03-10 02:43:20","558314"
"91","2022-03-10 02:43:20","120461"
"91","2022-03-10 02:43:20","73909"
"91","2022-03-10 02:43:20","359322"
"91","2022-03-10 02:43:20","520292"
"91","2022-03-10 02:43:20","196709"
"91","2022-03-10 02:43:20","588440"
"91","2022-03-10 02:43:20","179633"
"91","2022-03-10 02:43:20","124736"
"91","2022-03-10 02:43:20","31011"
"91","2022-03-10 02:43:20","519414"
"91","2022-03-10 02:43:20","334092"
"91","2022-03-10 02:43:20","416311"
"91","2022-03-10 02:43:20","108279"
"91","2022-03-10 02:43:20","570185"
"91","2022-03-10 02:43:20","332268"
"91","2022-03-10 02:43:20","236976"
"91","2022-02-01 04:30:28","359333"
"91","2022-02-01 04:30:28","622898"
"91","2022-02-01 04:30:28","528121"
"91","2022-02-01 04:30:28","193986"
"91","2022-02-01 04:30:28","180321"
"91","2022-02-01 04:30:28","66660"
"91","2022-02-01 04:30:28","1130"
"91","2022-02-01 04:30:28","446310"
"91","2022-02-01 04:30:28","300482"
"91","2022-02-01 04:30:28","328743"
"91","2022-02-01 04:30:28","196023"
"91","2022-02-01 04:30:28","535488"
"91","2022-02-01 04:30:28","210962"
"91","2022-02-01 04:30:28","226639"
"91","2022-02-01 04:30:28","229183"
"91","2022-02-01 04:30:28","122909"
"91","2022-02-01 04:30:28","1220"
"91","2022-02-01 04:30:28","140878"
"91","2022-02-01 04:30:28","120148"
"91","2022-02-01 04:30:28","179126"
"91","2022-02-01 04:30:28","502717"
"91","2022-02-01 04:30:28","441602"
"91","2022-02-01 04:30:28","234464"
"91","2022-02-01 04:30:28","469160"
"92","2022-03-06 11:23:34","18306"
"92","2022-03-06 11:23:34","533783"
"92","2022-03-06 11:23:34","54050"
"92","2022-03-06 11:23:34","299712"
"92","2022-03-06 11:23:34","415244"
"92","2022-03-06 11:23:34","526108"
"92","2022-03-06 11:23:34","286756"
"92","2022-03-06 11:23:34","12780"
"92","2022-03-06 11:23:34","320827"
"92","2022-03-06 11:23:34","361995"
"92","2022-03-06 11:23:34","589356"
"92","2022-03-06 11:23:34","281774"
"92","2022-03-06 11:23:34","125460"
"92","2022-03-06 11:23:34","137541"
"92","2022-03-06 11:23:34","446505"
"92","2022-03-06 11:23:34","564822"
"92","2022-03-06 11:23:34","415568"
"92","2022-03-06 11:23:34","349168"
"92","2022-03-06 11:23:34","54232"
"92","2022-03-06 11:23:34","116706"
"92","2022-03-06 11:23:34","11153"
"92","2022-03-06 11:23:34","33691"
"92","2022-03-06 11:23:34","532366"
"92","2022-03-06 11:23:34","70036"
"92","2022-03-06 11:23:34","220507"
"92","2022-03-06 11:23:34","495694"
"92","2022-04-01 02:32:55","422947"
"92","2022-04-01 02:32:55","568556"
"92","2022-04-01 02:32:55","509677"
"92","2022-04-01 02:32:55","330856"
"92","2022-04-01 02:32:55","605619"
"92","2022-04-01 02:32:55","90026"
"92","2022-04-01 02:32:55","513843"
"92","2022-04-01 02:32:55","566917"
"92","2022-04-01 02:32:55","71549"
"92","2022-04-01 02:32:55","317893"
"92","2022-04-01 02:32:55","457014"
"93","2022-01-25 22:30:13","504839"
"93","2022-01-25 22:30:13","207878"
"93","2022-01-25 22:30:13","413893"
"93","2022-01-25 22:30:13","377058"
"93","2022-01-25 22:30:13","614124"
"93","2022-01-25 22:30:13","156580"
"93","2022-01-25 22:30:13","472283"
"93","2022-01-25 22:30:13","585326"
"93","2022-01-25 22:30:13","117686"
"93","2022-01-25 22:30:13","328522"
"93","2022-01-25 22:30:13","479555"
"93","2022-01-25 22:30:13","61709"
"93","2022-03-19 11:13:17","200718"
"93","2022-03-19 11:13:17","601429"
"93","2022-03-19 11:13:17","627023"
"93","2022-03-19 11:13:17","331206"
"93","2022-03-19 11:13:17","414784"
"93","2022-03-19 11:13:17","84684"
"93","2022-03-19 11:13:17","305288"
"93","2022-03-19 11:13:17","612423"
"93","2022-03-19 11:13:17","595055"
"93","2022-03-19 11:13:17","364424"
"93","2022-03-19 11:13:17","90671"
"93","2022-03-19 11:13:17","53937"
"93","2022-03-19 11:13:17","418030"
"93","2022-03-19 11:13:17","293245"
"93","2022-03-19 11:13:17","35892"
"93","2022-03-19 11:13:17","551824"
"93","2022-03-19 11:13:17","350627"
"93","2022-03-19 11:13:17","413967"
"93","2022-03-19 11:13:17","397759"
"93","2022-03-19 11:13:17","326779"
"93","2022-03-19 11:13:17","486145"
"93","2022-03-19 11:13:17","187191"
"93","2022-03-19 11:13:17","227864"
"93","2022-03-19 11:13:17","516373"
"93","2022-03-19 11:13:17","189298"
"93","2022-03-19 11:13:17","556368"
"95","2022-01-29 14:38:09","300893"
"95","2022-01-29 14:38:09","544281"
"95","2022-01-29 14:38:09","391116"
"95","2022-01-29 14:38:09","382791"
"95","2022-01-29 14:38:09","349398"
"95","2022-01-29 14:38:09","617277"
"95","2022-01-29 14:38:09","273396"
"95","2022-01-29 14:38:09","49232"
"95","2022-01-29 14:38:09","601090"
"95","2022-01-29 14:38:09","457212"
"95","2022-01-29 14:38:09","43749"
"95","2022-01-29 14:38:09","125342"
"95","2022-01-29 14:38:09","447457"
"95","2022-01-29 14:38:09","231270"
"95","2022-03-20 22:42:12","458013"
"95","2022-03-20 22:42:12","63696"
"96","2022-01-12 00:11:10","197602"
"96","2022-01-12 00:11:10","509209"
"96","2022-01-12 00:11:10","151472"
"96","2022-01-12 00:11:10","107352"
"96","2022-01-12 00:11:10","344194"
"96","2022-01-12 00:11:10","484895"
"96","2022-01-12 00:11:10","563793"
"96","2022-01-12 00:11:10","361130"
"96","2022-01-12 00:11:10","293415"
"96","2022-01-12 00:11:10","198741"
"96","2022-01-12 00:11:10","182526"
"96","2022-04-08 07:24:09","620506"
"96","2022-04-08 07:24:09","120240"
"96","2022-04-08 07:24:09","41239"
"96","2022-04-08 07:24:09","458124"
"96","2022-04-08 07:24:09","299317"
"96","2022-04-08 07:24:09","571699"
"96","2022-04-08 07:24:09","312872"
"96","2022-04-08 07:24:09","457347"
"96","2022-04-08 07:24:09","582015"
"96","2022-04-08 07:24:09","583247"
"96","2022-04-08 07:24:09","625612"
"96","2022-04-08 07:24:09","509610"
"96","2022-04-08 07:24:09","199230"
"96","2022-04-08 07:24:09","413662"
"96","2022-04-08 07:24:09","268697"
"96","2022-04-08 07:24:09","612351"
"96","2022-04-08 07:24:09","562747"
"96","2022-04-08 07:24:09","69331"
"96","2022-04-08 07:24:09","505747"
"96","2022-04-08 07:24:09","519133"
"96","2022-04-08 07:24:09","2164"
"96","2022-04-08 07:24:09","561363"
"96","2022-04-08 07:24:09","456884"
"96","2022-04-08 07:24:09","47540"
"97","2022-04-03 13:44:30","522796"
"97","2022-04-03 13:44:30","49227"
"97","2022-04-03 13:44:30","465360"
"97","2022-04-03 13:44:30","397925"
"97","2022-04-03 13:44:30","218308"
"97","2022-04-03 13:44:30","120065"
"97","2022-04-03 13:44:30","163703"
"97","2022-04-03 13:44:30","12968"
"97","2022-04-03 13:44:30","537933"
"97","2022-04-03 13:44:30","62039"
"97","2022-04-03 13:44:30","395376"
"97","2022-04-03 13:44:30","3499"
"97","2022-04-03 13:44:30","166541"
"97","2022-04-03 13:44:30","325316"
"97","2022-04-03 13:44:30","507703"
"97","2022-04-03 13:44:30","402075"
"97","2022-04-03 13:44:30","575261"
"97","2022-04-03 13:44:30","338079"
"97","2022-04-03 13:44:30","132004"
"97","2022-04-03 13:44:30","472316"
"97","2022-04-03 13:44:30","426361"
"98","2022-03-29 15:50:35","581951"
"98","2022-03-29 15:50:35","290841"
"98","2022-03-29 15:50:35","620144"
"98","2022-03-29 15:50:35","261555"
"98","2022-03-29 15:50:35","129475"
"98","2022-03-29 15:50:35","141171"
"98","2022-03-29 15:50:35","245592"
"98","2022-03-29 15:50:35","330586"
"98","2022-03-29 15:50:35","3869"
"98","2022-03-29 15:50:35","285402"
"98","2022-03-29 15:50:35","410679"
"98","2022-03-29 15:50:35","580243"
"98","2022-03-29 15:50:35","526712"
"98","2022-03-29 15:50:35","158572"
"98","2022-03-29 15:50:35","294469"
"98","2022-03-29 15:50:35","617454"
"98","2022-03-29 15:50:35","232936"
"98","2022-03-29 15:50:35","565513"
"98","2022-03-29 15:50:35","333893"
"98","2022-03-29 15:50:35","248432"
"98","2022-03-29 15:50:35","404264"
"98","2022-01-20 22:24:52","3913"
"98","2022-01-20 22:24:52","551797"
"98","2022-01-20 22:24:52","18966"
"98","2022-01-20 22:24:52","74840"
"98","2022-01-20 22:24:52","167164"
"99","2022-03-20 16:45:25","113477"
"99","2022-03-20 16:45:25","254963"
"99","2022-03-20 16:45:25","84328"
"99","2022-03-20 16:45:25","84942"
"99","2022-03-20 16:45:25","217397"
"99","2022-03-10 04:41:53","132094"
"99","2022-03-10 04:41:53","549967"
"99","2022-03-10 04:41:53","460926"
"99","2022-03-10 04:41:53","578340"
